Workbook

Sheet Ens. Plomo
A1: MINERA MEXICANA LA CIENEGA, S.A. DE C.V.
A5: COMPARACION DE ENSAYES
A7: Lotes cerrados febrero 2026.
A9: CONCENTRADO DE PLOMO
C10: Au | D10: Ag | E10: Pb | F10: Zn | G10: Cd | H10: As | I10: Sb | J10: Hg.
C11: g/Ton | D11: Kg/Ton | E11: % | F11: % | G11: % | H11: % | I11: % | J11: %
A12: LOTE MMP | B12: LOTE MINA
A13: =[1]Plomo!$A9 -> P20260350 | B13: =[1]Plomo!$B9 -> 06 | C13: =[1]Plomo!C9 -> 113.55 | D13: =[1]Plomo!F9 -> 15.248 | E13: =[1]Plomo!I9 -> 20.75 | F13: =[1]Plomo!L9 -> 22.2 | G13: =[1]Plomo!O9 -> 0.239 | H13: =[1]Plomo!R9 -> 0.05 | I13: =[1]Plomo!U9 -> 0.07 | J13: =[1]Plomo!X9 -> 0.0069
A14: =[1]Plomo!$A10 -> P20260351 | B14: =[1]Plomo!$B10 -> 07 | C14: =[1]Plomo!C10 -> 113.9 | D14: =[1]Plomo!F10 -> 14.532 | E14: =[1]Plomo!I10 -> 21.66 | F14: =[1]Plomo!L10 -> 22.45 | G14: =[1]Plomo!O10 -> 0.24 | H14: =[1]Plomo!R10 -> 0.06 | I14: =[1]Plomo!U10 -> 0.07 | J14: =[1]Plomo!X10 -> 0.007
A15: =[1]Plomo!$A11 -> P20260405 | B15: =[1]Plomo!$B11 -> 08 | C15: =[1]Plomo!C11 -> 185.26 | D15: =[1]Plomo!F11 -> 15.101 | E15: =[1]Plomo!I11 -> 24.47 | F15: =[1]Plomo!L11 -> 20.99 | G15: =[1]Plomo!O11 -> 0.244 | H15: =[1]Plomo!R11 -> 0.049 | I15: =[1]Plomo!U11 -> 0.05 | J15: =[1]Plomo!X11 -> 0.0069
A16: =[1]Plomo!$A12 -> P20260406 | B16: =[1]Plomo!$B12 -> 09 | C16: =[1]Plomo!C12 -> 176.07 | D16: =[1]Plomo!F12 -> 14.903 | E16: =[1]Plomo!I12 -> 23.94 | F16: =[1]Plomo!L12 -> 21.8 | G16: =[1]Plomo!O12 -> 0.255 | H16: =[1]Plomo!R12 -> 0.045 | I16: =[1]Plomo!U12 -> 0.06 | J16: =[1]Plomo!X12 -> 0.007
D20: Ing. Laura D. Medina Carranza
D21: Gerencia Administrativa OFSA

Sheet Pb
A1: ='Ens. Zinc'!A1:G1 -> MINERA MEXICANA LA CIENEGA, S.A. DE C.V.
A2: CUADRO PARA DETERMINAR LOS ANALISIS EN CONJUNTO
A3: ='Ens. Plomo'!$A$7:$G$7 -> Lotes cerrados febrero 2026.
A4: CONCENTRADO DE PLOMO
A6: LOTE | C6: ENSAYES DE ORO | I6: ENSAYES DE PLATA KGS/TON | O6: ENSAYES DE PLOMO | U6: ENSAYES DE ZINC | AA6: ENSAYES DE CADMIO | AG6: ENSAYES DE ARSENICO (.3) | AM6: ENSAYES DE ANTIMONIO | AS6: ENSAYES DE MERCURIO PPM (LIBRE 50 PPM) | AY6: P = Promedio | BA6: Propuesta de Promedio
C7: Met-Mex | D7: Ciénega | E7: Dif | F7: L.P. | G7: INT. | H7: Final | I7: Met-Mex | J7: Ciénega | K7: Dif | L7: L.P. | M7: INT. | N7: Final | O7: Met-Mex | P7: Ciénega | Q7: Dif | R7: L.P. | S7: INT. | T7: Final | U7: Met-Mex | V7: Ciénega | W7: Dif | X7: L.P. | Y7: INT. | Z7: Final | AA7: Met-Mex | AB7: Ciénega | AC7: Dif | AD7: L.P. | AE7: INT. | AF7: Final | AG7: Met-Mex | AH7: Ciénega | AI7: Dif | AJ7: L.P. | AK7: INT. | AL7: Final | AM7: Met-Mex | AN7: Ciénega | AO7: Dif | AP7: L.P. | AQ7: INT. | AR7: Final | AS7: Met-Mex | AT7: Ciénega | AU7: Dif | AV7: L.P. | AW7: INT. | AX7: Final | AY7: T = Tercería | BA7: L.P.s diferentes.
B8: ='Ens. Plomo'!B13 -> 06 | C8: 112.64 | D8: ='Ens. Plomo'!C13 -> 113.55 | E8: =ROUND(ABS(C8-D8),2) -> 0.91 | F8: =(IF(D8<1,0,IF(AND(D8>=1,D8<=10),0.3,IF(AND(D8>10,D8<=25),0.5,IF(AND(D8>25,D8<=60),1,IF(AND(D8>60,D8<=75),1.25,IF(D8>75,2))))))) -> 2 | G8: =IF(E8<=F8,"P","T") -> P | H8: =IF(ISBLANK(C8)," ",IF(G8="P",AVERAGE(C8,D8),0)) -> 113.095 | I8: 14.828 | J8: ='Ens. Plomo'!D13 -> 15.248 | K8: =ROUND(ABS(I8-J8),3) -> 0.42 | L8: =(IF(J8<1,0, IF(AND(J8>=1,J8<=5),0.03, IF(AND(J8>5,J8<=15),0.04,IF(AND(J8>15,J8<=20),0.1,IF(J8>20,0.15)))))) -> 0.1 | M8: =IF(K8<=L8,"P","T") -> T | N8: =IF(ISBLANK(I8)," ",IF(K8<=L8,AVERAGE(I8:J8),0)) -> 0 | O8: 20.55 | P8: ='Ens. Plomo'!E13 -> 20.75 | Q8: =ROUND(ABS(O8-P8),2) -> 0.2 | R8: =(IF(P8<10,0,IF(AND(P8>10,P8<=20),0.3,IF(AND(P8>20,P8<=40),0.5)))) -> 0.5 | S8: =IF(Q8<=R8,"P","T") -> P | T8: =IF(ISBLANK(O8)," ",IF(Q8<=R8,AVERAGE(O8:P8),0)) -> 20.65 | U8: 24.2 | V8: ='Ens. Plomo'!F13 -> 22.2 | W8: =ROUND(ABS(U8-V8),2) -> 2 | X8: =(IF(V8<5,0,IF(AND(V8>=5,V8<=10),0.3,IF(AND(V8>10),0.4)))) -> 0.4 | Y8: =IF(W8<=X8,"P","T") -> T | Z8: =IF(ISBLANK(U8)," ",IF(Y8="P",AVERAGE(U8,V8),0)) -> 0 | AA8: 0.29 | AB8: ='Ens. Plomo'!G13 -> 0.239 | AC8: =ROUND(ABS(AA8-AB8),3) -> 0.051 | AD8: =IF(AB8<=1,0.1,0) -> 0.1 | AE8: =IF(AC8<=AD8,"P","T") -> P | AF8: =IF(ISBLANK(AA8)," ",IF(AE8="P",AVERAGE(AA8,AB8),0)) -> 0.2645 | AG8: 0.03 | AH8: ='Ens. Plomo'!H13 -> 0.05 | AI8: =ROUND(ABS(AG8-AH8),3) -> 0.02 | AJ8: =IF(AH8<=1,0.2,0) -> 0.2 | AK8: =IF(AI8<=AJ8,"P","T") -> P | AL8: =IF(ISBLANK(AG8)," ",IF(AK8="P",AVERAGE(AG8,AH8),0)) -> 0.04 | AM8: 0.06 | AN8: ='Ens. Plomo'!I13 -> 0.07 | AO8: =ROUND(ABS(AM8-AN8),2) -> 0.01 | AP8: =IF(AN8<=1,0.2,0) -> 0.2 | AQ8: =IF(AO8<=AP8,"P","T") -> P | AR8: =IF(ISBLANK(AM8)," ",IF(AQ8="P",AVERAGE(AM8,AN8),0)) -> 0.065 | AS8: 0.0332 | AT8: ='Ens. Plomo'!J13 -> 0.0069 | AU8: =AS8-AT8 -> 0.0263 | AV8: =IF(AT8<=0.01,0.0015,IF(AT8>0.01,0.002)) -> 0.0015 | AW8: =IF(AU8<=AV8,"P","T") -> T | AX8: =IF(ISBLANK(AS8)," ",IF(AW8="P",AVERAGE(AS8,AT8),0)) -> 0 | AY8: Conjunto Negociado | BA8: L.P.s diferentes.
B9: ='Ens. Plomo'!B14 -> 07 | C9: 109.68 | D9: ='Ens. Plomo'!C14 -> 113.9 | E9: =ROUND(ABS(C9-D9),2) -> 4.22 | F9: =(IF(D9<1,0,IF(AND(D9>=1,D9<=10),0.3,IF(AND(D9>10,D9<=25),0.5,IF(AND(D9>25,D9<=60),1,IF(AND(D9>60,D9<=75),1.25,IF(D9>75,2))))))) -> 2 | G9: =IF(E9<=F9,"P","T") -> T | H9: =IF(ISBLANK(C9)," ",IF(G9="P",AVERAGE(C9,D9),0)) -> 0 | I9: 14.161 | J9: ='Ens. Plomo'!D14 -> 14.532 | K9: =ROUND(ABS(I9-J9),3) -> 0.371 | L9: =(IF(J9<1,0, IF(AND(J9>=1,J9<=5),0.03, IF(AND(J9>5,J9<=15),0.04,IF(AND(J9>15,J9<=20),0.1,IF(J83>20,0.15)))))) -> 0.04 | M9: =IF(K9<=L9,"P","T") -> T | N9: =IF(ISBLANK(I9)," ",IF(K9<=L9,AVERAGE(I9:J9),0)) -> 0 | O9: 20.7 | P9: ='Ens. Plomo'!E14 -> 21.66 | Q9: =ROUND(ABS(O9-P9),2) -> 0.96 | R9: =(IF(P9<10,0,IF(AND(P9>10,P9<=20),0.3,IF(AND(P9>20,P9<=40),0.5)))) -> 0.5 | S9: =IF(Q9<=R9,"P","T") -> T | T9: =IF(ISBLANK(O9)," ",IF(Q9<=R9,AVERAGE(O9:P9),0)) -> 0 | U9: 24.38 | V9: ='Ens. Plomo'!F14 -> 22.45 | W9: =ROUND(ABS(U9-V9),2) -> 1.93 | X9: =(IF(V9<5,0,IF(AND(V9>=5,V9<=10),0.3,IF(AND(V9>10),0.4)))) -> 0.4 | Y9: =IF(W9<=X9,"P","T") -> T | Z9: =IF(ISBLANK(U9)," ",IF(Y9="P",AVERAGE(U9,V9),0)) -> 0 | AA9: 0.28 | AB9: ='Ens. Plomo'!G14 -> 0.24 | AC9: =ROUND(ABS(AA9-AB9),3) -> 0.04 | AD9: =IF(AB9<=1,0.1,0) -> 0.1 | AE9: =IF(AC9<=AD9,"P","T") -> P | AF9: =IF(ISBLANK(AA9)," ",IF(AE9="P",AVERAGE(AA9,AB9),0)) -> 0.26 | AG9: 0.03 | AH9: ='Ens. Plomo'!H14 -> 0.06 | AI9: =ROUND(ABS(AG9-AH9),3) -> 0.03 | AJ9: =IF(AH9<=1,0.2,0) -> 0.2 | AK9: =IF(AI9<=AJ9,"P","T") -> P | AL9: =IF(ISBLANK(AG9)," ",IF(AK9="P",AVERAGE(AG9,AH9),0)) -> 0.045 | AM9: 0.07 | AN9: ='Ens. Plomo'!I14 -> 0.07 | AO9: =ROUND(ABS(AM9-AN9),2) -> 0 | AP9: =IF(AN9<=1,0.2,0) -> 0.2 | AQ9: =IF(AO9<=AP9,"P","T") -> P | AR9: =IF(ISBLANK(AM9)," ",IF(AQ9="P",AVERAGE(AM9,AN9),0)) -> 0.07 | AS9: 0.0309 | AT9: ='Ens. Plomo'!J14 -> 0.007 | AU9: =AS9-AT9 -> 0.0239 | AV9: =IF(AT9<=0.01,0.0015,IF(AT9>0.01,0.002)) -> 0.0015 | AW9: =IF(AU9<=AV9,"P","T") -> T | AX9: =IF(ISBLANK(AS9)," ",IF(AW9="P",AVERAGE(AS9,AT9),0)) -> 0 | BA9: L.P.s diferentes.
B10: ='Ens. Plomo'!B15 -> 08 | C10: 180.88 | D10: ='Ens. Plomo'!C15 -> 185.26 | E10: =ROUND(ABS(C10-D10),2) -> 4.38 | F10: =(IF(D10<1,0,IF(AND(D10>=1,D10<=10),0.3,IF(AND(D10>10,D10<=25),0.5,IF(AND(D10>25,D10<=60),1,IF(AND(D10>60,D10<=75),1.25,IF(D10>75,2))))))) -> 2 | G10: =IF(E10<=F10,"P","T") -> T | H10: =IF(ISBLANK(C10)," ",IF(G10="P",AVERAGE(C10,D10),0)) -> 0 | I10: 14.683 | J10: ='Ens. Plomo'!D15 -> 15.101 | K10: =ROUND(ABS(I10-J10),3) -> 0.418 | L10: =(IF(J10<1,0, IF(AND(J10>=1,J10<=5),0.03, IF(AND(J10>5,J10<=15),0.04,IF(AND(J10>15,J10<=20),0.1,IF(J84>20,0.15)))))) -> 0.1 | M10: =IF(K10<=L10,"P","T") -> T | N10: =IF(ISBLANK(I10)," ",IF(K10<=L10,AVERAGE(I10:J10),0)) -> 0 | O10: 23.56 | P10: ='Ens. Plomo'!E15 -> 24.47 | Q10: =ROUND(ABS(O10-P10),2) -> 0.91 | R10: =(IF(P10<10,0,IF(AND(P10>10,P10<=20),0.3,IF(AND(P10>20,P10<=40),0.5)))) -> 0.5 | S10: =IF(Q10<=R10,"P","T") -> T | T10: =IF(ISBLANK(O10)," ",IF(Q10<=R10,AVERAGE(O10:P10),0)) -> 0 | U10: 22.71 | V10: ='Ens. Plomo'!F15 -> 20.99 | W10: =ROUND(ABS(U10-V10),2) -> 1.72 | X10: =(IF(V10<5,0,IF(AND(V10>=5,V10<=10),0.3,IF(AND(V10>10),0.4)))) -> 0.4 | Y10: =IF(W10<=X10,"P","T") -> T | Z10: =IF(ISBLANK(U10)," ",IF(Y10="P",AVERAGE(U10,V10),0)) -> 0 | AA10: 0.28 | AB10: ='Ens. Plomo'!G15 -> 0.244 | AC10: =ROUND(ABS(AA10-AB10),3) -> 0.036 | AD10: =IF(AB10<=1,0.1,0) -> 0.1 | AE10: =IF(AC10<=AD10,"P","T") -> P | AF10: =IF(ISBLANK(AA10)," ",IF(AE10="P",AVERAGE(AA10,AB10),0)) -> 0.262 | AG10: 0.03 | AH10: ='Ens. Plomo'!H15 -> 0.049 | AI10: =ROUND(ABS(AG10-AH10),3) -> 0.019 | AJ10: =IF(AH10<=1,0.2,0) -> 0.2 | AK10: =IF(AI10<=AJ10,"P","T") -> P | AL10: =IF(ISBLANK(AG10)," ",IF(AK10="P",AVERAGE(AG10,AH10),0)) -> 0.0395 | AM10: 0.06 | AN10: ='Ens. Plomo'!I15 -> 0.05 | AO10: =ROUND(ABS(AM10-AN10),3) -> 0.01 | AP10: =IF(AN10<=1,0.2,0) -> 0.2 | AQ10: =IF(AO10<=AP10,"P","T") -> P | AR10: =IF(ISBLANK(AM10)," ",IF(AQ10="P",AVERAGE(AM10,AN10),0)) -> 0.055 | AS10: 0.0303 | AT10: ='Ens. Plomo'!J15 -> 0.0069 | AU10: =AS10-AT10 -> 0.0234 | AV10: =IF(AT10<=0.01,0.0015,IF(AT10>0.01,0.002)) -> 0.0015 | AW10: =IF(AU10<=AV10,"P","T") -> T | AX10: =IF(ISBLANK(AS10)," ",IF(AW10="P",AVERAGE(AS10,AT10),0)) -> 0 | BA10: L.P.s diferentes.
B11: ='Ens. Plomo'!B16 -> 09 | C11: 171.83 | D11: ='Ens. Plomo'!C16 -> 176.07 | E11: =ROUND(ABS(C11-D11),2) -> 4.24 | F11: =(IF(D11<1,0,IF(AND(D11>=1,D11<=10),0.3,IF(AND(D11>10,D11<=25),0.5,IF(AND(D11>25,D11<=60),1,IF(AND(D11>60,D11<=75),1.25,IF(D11>75,2))))))) -> 2 | G11: =IF(E11<=F11,"P","T") -> T | H11: =IF(ISBLANK(C11)," ",IF(G11="P",AVERAGE(C11,D11),0)) -> 0 | I11: 14.602 | J11: ='Ens. Plomo'!D16 -> 14.903 | K11: =ROUND(ABS(I11-J11),3) -> 0.301 | L11: =(IF(J11<1,0, IF(AND(J11>=1,J11<=5),0.03, IF(AND(J11>5,J11<=15),0.04,IF(AND(J11>15,J11<=20),0.1,IF(J85>20,0.15)))))) -> 0.04 | M11: =IF(K11<=L11,"P","T") -> T | N11: =IF(ISBLANK(I11)," ",IF(K11<=L11,AVERAGE(I11:J11),0)) -> 0 | O11: 23.57 | P11: ='Ens. Plomo'!E16 -> 23.94 | Q11: =ROUND(ABS(O11-P11),2) -> 0.37 | R11: =(IF(P11<10,0,IF(AND(P11>10,P11<=20),0.3,IF(AND(P11>20,P11<=40),0.5)))) -> 0.5 | S11: =IF(Q11<=R11,"P","T") -> P | T11: =IF(ISBLANK(O11)," ",IF(Q11<=R11,AVERAGE(O11:P11),0)) -> 23.755 | U11: 23.12 | V11: ='Ens. Plomo'!F16 -> 21.8 | W11: =ROUND(ABS(U11-V11),2) -> 1.32 | X11: =(IF(V11<5,0,IF(AND(V11>=5,V11<=10),0.3,IF(AND(V11>10),0.4)))) -> 0.4 | Y11: =IF(W11<=X11,"P","T") -> T | Z11: =IF(ISBLANK(U11)," ",IF(Y11="P",AVERAGE(U11,V11),0)) -> 0 | AA11: 0.29 | AB11: ='Ens. Plomo'!G16 -> 0.255 | AC11: =ROUND(ABS(AA11-AB11),3) -> 0.035 | AD11: =IF(AB11<=1,0.1,0) -> 0.1 | AE11: =IF(AC11<=AD11,"P","T") -> P | AF11: =IF(ISBLANK(AA11)," ",IF(AE11="P",AVERAGE(AA11,AB11),0)) -> 0.2725 | AG11: 0.03 | AH11: ='Ens. Plomo'!H16 -> 0.045 | AI11: =ROUND(ABS(AG11-AH11),3) -> 0.015 | AJ11: =IF(AH11<=1,0.2,0) -> 0.2 | AK11: =IF(AI11<=AJ11,"P","T") -> P | AL11: =IF(ISBLANK(AG11)," ",IF(AK11="P",AVERAGE(AG11,AH11),0)) -> 0.0375 | AM11: 0.06 | AN11: ='Ens. Plomo'!I16 -> 0.06 | AO11: =ROUND(ABS(AM11-AN11),3) -> 0 | AP11: =IF(AN11<=1,0.2,0) -> 0.2 | AQ11: =IF(AO11<=AP11,"P","T") -> P | AR11: =IF(ISBLANK(AM11)," ",IF(AQ11="P",AVERAGE(AM11,AN11),0)) -> 0.06 | AS11: 0.0285 | AT11: ='Ens. Plomo'!J16 -> 0.007 | AU11: =AS11-AT11 -> 0.0215 | AV11: =IF(AT11<=0.01,0.0015,IF(AT11>0.01,0.002)) -> 0.0015 | AW11: =IF(AU11<=AV11,"P","T") -> T | AX11: =IF(ISBLANK(AS11)," ",IF(AW11="P",AVERAGE(AS11,AT11),0)) -> 0 | BA11: L.P.s diferentes.
M12: =IF(K12<=L12,"P","T") -> P | AW12: =IF(AU12<=AV12,"P","T") -> P

Sheet Terc. Plomo
A1: MINERA MEXICANA LA CIÉNEGA, S.A. DE C.V.
A3: CUADRO PARA DETERMINAR DIFERENCIAS EN ENSAYES COMPARADOS
A6: =+Pb!A3 -> Lotes cerrados febrero 2026.
T7: PLOMO
A8: No. | B8: Ensayes de ORO g/ton | G8: Dif. Vs Tercero | I8: Paga | J8: Ensayes de PLATA Kg/ton | O8: Dif. Vs Tercero | Q8: Paga | R8: Ensayes de PLOMO % | W8: Dif. Vs Tercero | Y8: Paga | Z8: Ensayes de ZINC % | AE8: Dif. Vs Tercero | AG8: Paga | AH8: Ensayes de CADMIO % | AM8: Dif. Vs Tercero | AO8: Paga | AP8: Ensayes de MERCURIO % | AU8: Dif. Vs Tercero | AW8: Paga | AX8: Ensayes de ARSENICO % | BC8: Dif. Vs Tercero | BE8: Paga | BF8: Ensayes de ANTIMONIO % | BK8: Dif. Vs Tercero | BM8: Paga
A9: Lote | B9: MMP | C9: CIEN | D9: Tercero | E9: INT. | F9: Pago | G9: MMP | H9: CIEN | I9: Terceria | J9: MMP | K9: CIEN | L9: Tercero | N9: Pago | O9: MMP | P9: CIEN | Q9: Terceria | R9: MMP | S9: CIEN | T9: Tercero | V9: Pago | W9: MMP | X9: CIEN | Y9: Terceria | Z9: MMP | AA9: CIEN | AB9: Tercero | AD9: Pago | AE9: MMP | AF9: CIEN | AG9: Terceria | AH9: MMP | AI9: CIEN | AJ9: Tercero | AL9: Pago | AM9: MMP | AN9: 0 | AO9: Terceria | AP9: MMP | AQ9: CIEN | AR9: Tercero | AT9: Pago | AU9: MMP | AV9: CIEN | AW9: Terceria | AX9: MMP | AY9: CIEN | AZ9: Tercero | BB9: Pago | BC9: MMP | BD9: CIEN | BE9: Terceria | BF9: MMP | BG9: CIEN | BH9: Tercero | BJ9: Pago | BK9: MMP | BL9: CIEN | BM9: Terceria
A10: =Pb!B8 -> 06 | B10: =+Pb!C8 -> 112.64 | C10: =Pb!D8 -> 113.55 | E10: =+Pb!G8 -> P | F10: =IF(D10=0,AVERAGE(B10,C10),IF(OR(AND(B10<C10,B10>D10),AND(B10>C10,B10<D10)),B10,IF(OR(AND(C10<B10,C10>D10),AND(C10>B10,C10<D10)),C10,D10))) -> 113.095 | G10: =IF(D10=0,0,IF(D10>B10,(D10-B10),(B10-D10))) -> 0 | H10: =IF(D10=0,0,IF(C10>D10,(C10-D10),(D10-C10))) -> 0 | I10: =IF(D10=0,"",IF(H10=G10,"50%",IF(H10>G10,"CIEN","MMP"))) | J10: =+Pb!I8 -> 14.828 | K10: =Pb!J8 -> 15.248 | L10: 15.233 | M10: =+Pb!M8 -> T | N10: =IF(L10=0,AVERAGE(J10,K10),IF(OR(AND(J10<K10,J10>L10),AND(J10>K10,J10<L10)),J10,IF(OR(AND(K10<J10,K10>L10),AND(K10>J10,K10<L10)),K10,L10))) -> 15.233 | O10: =IF(L10=0,0,IF(L10>J10,(L10-J10),(J10-L10))) -> 0.405 | P10: =IF(L10=0,0,IF(K10>L10,(K10-L10),(L10-K10))) -> 0.015 | Q10: =IF(L10=0,"",IF(P10=O10,"50%",IF(P10>O10,"CIEN","MMP"))) -> MMP | R10: =+Pb!O8 -> 20.55 | S10: =Pb!P8 -> 20.75 | U10: =+Pb!S8 -> P | V10: =IF(T10=0,AVERAGE(R10,S10),IF(OR(AND(R10<S10,R10>T10),AND(R10>S10,R10<T10)),R10,IF(OR(AND(S10<R10,S10>T10),AND(S10>R10,S10<T10)),S10,T10))) -> 20.65 | W10: =IF(T10=0,0,IF(T10>R10,(T10-R10),(R10-T10))) -> 0 | X10: =IF(T10=0,0,IF(S10>T10,(S10-T10),(T10-S10))) -> 0 | Y10: =IF(T10=0,"",IF(X10=W10,"50%",IF(X10>W10,"CIEN","MMP"))) | Z10: =+Pb!U8 -> 24.2 | AA10: =Pb!V8 -> 22.2 | AB10: 20.935 | AC10: =+Pb!Y8 -> T | AD10: =IF(AB10=0,AVERAGE(Z10,AA10),IF(OR(AND(Z10<AA10,Z10>AB10),AND(Z10>AA10,Z10<AB10)),Z10,IF(OR(AND(AA10<Z10,AA10>AB10),AND(AA10>Z10,AA10<AB10)),AA10,AB10))) -> 22.2 | AE10: =IF(AB10>Z10,(AB10-Z10),(Z10-AB10)) -> 3.265 | AF10: =IF(AA10>AB10,(AA10-AB10),(AB10-AA10)) -> 1.265 | AG10: =IF(AB10=0,"",IF(AF10=AE10,"50%",IF(AF10>AE10,"CIEN","MMP"))) -> MMP | AH10: =+Pb!AA8 -> 0.29 | AI10: =Pb!AB8 -> 0.239 | AK10: =+Pb!AE8 -> P | AL10: =IF(AJ10=0,AVERAGE(AH10,AI10),IF(OR(AND(AH10<AI10,AH10>AJ10),AND(AH10>AI10,AH10<AJ10)),AH10,IF(OR(AND(AI10<AH10,AI10>AJ10),AND(AI10>AH10,AI10<AJ10)),AI10,AJ10))) -> 0.2645 | AM10: =IF(AJ10>AH10,(AJ10-AH10),(AH10-AJ10)) -> 0.29 | AN10: =IF(AI10>AJ10,(AI10-AJ10),(AJ10-AI10)) -> 0.239 | AO10: =IF(AJ10=0,"",IF(AN10=AM10,"50%",IF(AN10>AM10,"CIEN","MMP"))) | AP10: =+Pb!AS8 -> 0.0332 | AQ10: =Pb!AT8 -> 0.0069 | AR10: 0.0532 | AS10: =+Pb!AW8 -> T | AT10: =IF(AR10=0,AVERAGE(AP10,AQ10),IF(OR(AND(AP10<AQ10,AP10>AR10),AND(AP10>AQ10,AP10<AR10)),AP10,IF(OR(AND(AQ10<AP10,AQ10>AR10),AND(AQ10>AP10,AQ10<AR10)),AQ10,AR10))) -> 0.0332 | AU10: =IF(AR10>AP10,(AR10-AP10),(AP10-AR10)) -> 0.02 | AV10: =IF(AQ10>AR10,(AQ10-AR10),(AR10-AQ10)) -> 0.0463 | AW10: =IF(AR10=0,"",IF(AV10=AU10,"50%",IF(AV10>AU10,"CIEN","MMP"))) -> CIEN | AX10: =+Pb!AG8 -> 0.03 | AY10: =Pb!AH8 -> 0.05 | BA10: =+Pb!AK8 -> P | BB10: =IF(AZ10=0,AVERAGE(AX10,AY10),IF(OR(AND(AX10<AY10,AX10>AZ10),AND(AX10>AY10,AX10<AZ10)),AX10,IF(OR(AND(AY10<AX10,AY10>AZ10),AND(AY10>AX10,AY10<AZ10)),AY10,AZ10))) -> 0.04 | BC10: =IF(AZ10>AX10,(AZ10-AX10),(AX10-AZ10)) -> 0.03 | BD10: =IF(AY10>AZ10,(AY10-AZ10),(AZ10-AY10)) -> 0.05 | BE10: =IF(AZ10=0,"",IF(BD10=BC10,"50%",IF(BD10>BC10,"CIEN","MMP"))) | BF10: =+Pb!AM8 -> 0.06 | BG10: =Pb!AN8 -> 0.07 | BI10: =+Pb!AQ8 -> P | BJ10: =IF(BH10=0,AVERAGE(BF10,BG10),IF(OR(AND(BF10<BG10,BF10>BH10),AND(BF10>BG10,BF10<BH10)),BF10,IF(OR(AND(BG10<BF10,BG10>BH10),AND(BG10>BF10,BG10<BH10)),BG10,BH10))) -> 0.065 | BK10: =IF(BH10>BF10,(BH10-BF10),(BF10-BH10)) -> 0.06 | BL10: =IF(BG10>BH10,(BG10-BH10),(BH10-BG10)) -> 0.07 | BM10: =IF(BH10=0,"",IF(BL10=BK10,"50%",IF(BL10>BK10,"CIEN","MMP"))) | BP10: ALEX STEWART
A11: =Pb!B9 -> 07 | B11: =+Pb!C9 -> 109.68 | C11: =Pb!D9 -> 113.9 | D11: 114.085 | E11: =+Pb!G9 -> T | F11: =IF(D11=0,AVERAGE(B11,C11),IF(OR(AND(B11<C11,B11>D11),AND(B11>C11,B11<D11)),B11,IF(OR(AND(C11<B11,C11>D11),AND(C11>B11,C11<D11)),C11,D11))) -> 113.9 | G11: =IF(D11=0,0,IF(D11>B11,(D11-B11),(B11-D11))) -> 4.405 | H11: =IF(D11=0,0,IF(C11>D11,(C11-D11),(D11-C11))) -> 0.185 | I11: =IF(D11=0,"",IF(H11=G11,"50%",IF(H11>G11,"CIEN","MMP"))) -> MMP | J11: =+Pb!I9 -> 14.161 | K11: =Pb!J9 -> 14.532 | L11: 14.704 | M11: =+Pb!M9 -> T | N11: =IF(L11=0,AVERAGE(J11,K11),IF(OR(AND(J11<K11,J11>L11),AND(J11>K11,J11<L11)),J11,IF(OR(AND(K11<J11,K11>L11),AND(K11>J11,K11<L11)),K11,L11))) -> 14.532 | O11: =IF(L11=0,0,IF(L11>J11,(L11-J11),(J11-L11))) -> 0.543 | P11: =IF(L11=0,0,IF(K11>L11,(K11-L11),(L11-K11))) -> 0.172 | Q11: =IF(L11=0,"",IF(P11=O11,"50%",IF(P11>O11,"CIEN","MMP"))) -> MMP | R11: =+Pb!O9 -> 20.7 | S11: =Pb!P9 -> 21.66 | T11: 21.18 | U11: =+Pb!S9 -> T | V11: =IF(T11=0,AVERAGE(R11,S11),IF(OR(AND(R11<S11,R11>T11),AND(R11>S11,R11<T11)),R11,IF(OR(AND(S11<R11,S11>T11),AND(S11>R11,S11<T11)),S11,T11))) -> 21.18 | W11: =IF(T11=0,0,IF(T11>R11,(T11-R11),(R11-T11))) -> 0.48 | X11: =IF(T11=0,0,IF(S11>T11,(S11-T11),(T11-S11))) -> 0.48 | Y11: =IF(T11=0,"",IF(X11=W11,"50%",IF(X11>W11,"CIEN","MMP"))) -> 50% | Z11: =+Pb!U9 -> 24.38 | AA11: =Pb!V9 -> 22.45 | AB11: 20.585 | AC11: =+Pb!Y9 -> T | AD11: =IF(AB11=0,AVERAGE(Z11,AA11),IF(OR(AND(Z11<AA11,Z11>AB11),AND(Z11>AA11,Z11<AB11)),Z11,IF(OR(AND(AA11<Z11,AA11>AB11),AND(AA11>Z11,AA11<AB11)),AA11,AB11))) -> 22.45 | AE11: =IF(AB11>Z11,(AB11-Z11),(Z11-AB11)) -> 3.795 | AF11: =IF(AA11>AB11,(AA11-AB11),(AB11-AA11)) -> 1.865 | AG11: =IF(AB11=0,"",IF(AF11=AE11,"50%",IF(AF11>AE11,"CIEN","MMP"))) -> MMP | AH11: =+Pb!AA9 -> 0.28 | AI11: =Pb!AB9 -> 0.24 | AK11: =+Pb!AE9 -> P | AL11: =IF(AJ11=0,AVERAGE(AH11,AI11),IF(OR(AND(AH11<AI11,AH11>AJ11),AND(AH11>AI11,AH11<AJ11)),AH11,IF(OR(AND(AI11<AH11,AI11>AJ11),AND(AI11>AH11,AI11<AJ11)),AI11,AJ11))) -> 0.26 | AM11: =IF(AJ11>AH11,(AJ11-AH11),(AH11-AJ11)) -> 0.28 | AN11: =IF(AI11>AJ11,(AI11-AJ11),(AJ11-AI11)) -> 0.24 | AO11: =IF(AJ11=0,"",IF(AN11=AM11,"50%",IF(AN11>AM11,"CIEN","MMP"))) | AP11: =+Pb!AS9 -> 0.0309 | AQ11: =Pb!AT9 -> 0.007 | AR11: 0.0481 | AS11: =+Pb!AW9 -> T | AT11: =IF(AR11=0,AVERAGE(AP11,AQ11),IF(OR(AND(AP11<AQ11,AP11>AR11),AND(AP11>AQ11,AP11<AR11)),AP11,IF(OR(AND(AQ11<AP11,AQ11>AR11),AND(AQ11>AP11,AQ11<AR11)),AQ11,AR11))) -> 0.0309 | AU11: =IF(AR11>AP11,(AR11-AP11),(AP11-AR11)) -> 0.0172 | AV11: =IF(AQ11>AR11,(AQ11-AR11),(AR11-AQ11)) -> 0.0411 | AW11: =IF(AR11=0,"",IF(AV11=AU11,"50%",IF(AV11>AU11,"CIEN","MMP"))) -> CIEN | AX11: =+Pb!AG9 -> 0.03 | AY11: =Pb!AH9 -> 0.06 | BA11: =+Pb!AK9 -> P | BB11: =IF(AZ11=0,AVERAGE(AX11,AY11),IF(OR(AND(AX11<AY11,AX11>AZ11),AND(AX11>AY11,AX11<AZ11)),AX11,IF(OR(AND(AY11<AX11,AY11>AZ11),AND(AY11>AX11,AY11<AZ11)),AY11,AZ11))) -> 0.045 | BC11: =IF(AZ11>AX11,(AZ11-AX11),(AX11-AZ11)) -> 0.03 | BD11: =IF(AY11>AZ11,(AY11-AZ11),(AZ11-AY11)) -> 0.06 | BE11: =IF(AZ11=0,"",IF(BD11=BC11,"50%",IF(BD11>BC11,"CIEN","MMP"))) | BF11: =+Pb!AM9 -> 0.07 | BG11: =Pb!AN9 -> 0.07 | BI11: =+Pb!AQ9 -> P | BJ11: =IF(BH11=0,AVERAGE(BF11,BG11),IF(OR(AND(BF11<BG11,BF11>BH11),AND(BF11>BG11,BF11<BH11)),BF11,IF(OR(AND(BG11<BF11,BG11>BH11),AND(BG11>BF11,BG11<BH11)),BG11,BH11))) -> 0.07 | BK11: =IF(BH11>BF11,(BH11-BF11),(BF11-BH11)) -> 0.07 | BL11: =IF(BG11>BH11,(BG11-BH11),(BH11-BG11)) -> 0.07 | BM11: =IF(BH11=0,"",IF(BL11=BK11,"50%",IF(BL11>BK11,"CIEN","MMP"))) | BP11: LIM | BS11: NEGRITAS
A12: =Pb!B10 -> 08 | B12: =+Pb!C10 -> 180.88 | C12: =Pb!D10 -> 185.26 | D12: 180.81 | E12: =+Pb!G10 -> T | F12: =IF(D12=0,AVERAGE(B12,C12),IF(OR(AND(B12<C12,B12>D12),AND(B12>C12,B12<D12)),B12,IF(OR(AND(C12<B12,C12>D12),AND(C12>B12,C12<D12)),C12,D12))) -> 180.88 | G12: =IF(D12=0,0,IF(D12>B12,(D12-B12),(B12-D12))) -> 0.07 | H12: =IF(D12=0,0,IF(C12>D12,(C12-D12),(D12-C12))) -> 4.45 | I12: =IF(D12=0,"",IF(H12=G12,"50%",IF(H12>G12,"CIEN","MMP"))) -> CIEN | J12: =+Pb!I10 -> 14.683 | K12: =Pb!J10 -> 15.101 | L12: 14.838 | M12: =+Pb!M10 -> T | N12: =IF(L12=0,AVERAGE(J12,K12),IF(OR(AND(J12<K12,J12>L12),AND(J12>K12,J12<L12)),J12,IF(OR(AND(K12<J12,K12>L12),AND(K12>J12,K12<L12)),K12,L12))) -> 14.838 | O12: =IF(L12=0,0,IF(L12>J12,(L12-J12),(J12-L12))) -> 0.155 | P12: =IF(L12=0,0,IF(K12>L12,(K12-L12),(L12-K12))) -> 0.263 | Q12: =IF(L12=0,"",IF(P12=O12,"50%",IF(P12>O12,"CIEN","MMP"))) -> CIEN | R12: =+Pb!O10 -> 23.56 | S12: =Pb!P10 -> 24.47 | T12: 24.31 | U12: =+Pb!S10 -> T | V12: =IF(T12=0,AVERAGE(R12,S12),IF(OR(AND(R12<S12,R12>T12),AND(R12>S12,R12<T12)),R12,IF(OR(AND(S12<R12,S12>T12),AND(S12>R12,S12<T12)),S12,T12))) -> 24.31 | W12: =IF(T12=0,0,IF(T12>R12,(T12-R12),(R12-T12))) -> 0.75 | X12: =IF(T12=0,0,IF(S12>T12,(S12-T12),(T12-S12))) -> 0.16 | Y12: =IF(T12=0,"",IF(X12=W12,"50%",IF(X12>W12,"CIEN","MMP"))) -> MMP | Z12: =+Pb!U10 -> 22.71 | AA12: =Pb!V10 -> 20.99 | AB12: 21.33 | AC12: =+Pb!Y10 -> T | AD12: =IF(AB12=0,AVERAGE(Z12,AA12),IF(OR(AND(Z12<AA12,Z12>AB12),AND(Z12>AA12,Z12<AB12)),Z12,IF(OR(AND(AA12<Z12,AA12>AB12),AND(AA12>Z12,AA12<AB12)),AA12,AB12))) -> 21.33 | AE12: =IF(AB12>Z12,(AB12-Z12),(Z12-AB12)) -> 1.38 | AF12: =IF(AA12>AB12,(AA12-AB12),(AB12-AA12)) -> 0.34 | AG12: =IF(AB12=0,"",IF(AF12=AE12,"50%",IF(AF12>AE12,"CIEN","MMP"))) -> MMP | AH12: =+Pb!AA10 -> 0.28 | AI12: =Pb!AB10 -> 0.244 | AK12: =+Pb!AE10 -> P | AL12: =IF(AJ12=0,AVERAGE(AH12,AI12),IF(OR(AND(AH12<AI12,AH12>AJ12),AND(AH12>AI12,AH12<AJ12)),AH12,IF(OR(AND(AI12<AH12,AI12>AJ12),AND(AI12>AH12,AI12<AJ12)),AI12,AJ12))) -> 0.262 | AM12: =IF(AJ12>AH12,(AJ12-AH12),(AH12-AJ12)) -> 0.28 | AN12: =IF(AI12>AJ12,(AI12-AJ12),(AJ12-AI12)) -> 0.244 | AO12: =IF(AJ12=0,"",IF(AN12=AM12,"50%",IF(AN12>AM12,"CIEN","MMP"))) | AP12: =+Pb!AS10 -> 0.0303 | AQ12: =Pb!AT10 -> 0.0069 | AR12: 0.0211 | AS12: =+Pb!AW10 -> T | AT12: =IF(AR12=0,AVERAGE(AP12,AQ12),IF(OR(AND(AP12<AQ12,AP12>AR12),AND(AP12>AQ12,AP12<AR12)),AP12,IF(OR(AND(AQ12<AP12,AQ12>AR12),AND(AQ12>AP12,AQ12<AR12)),AQ12,AR12))) -> 0.0211 | AU12: =IF(AR12>AP12,(AR12-AP12),(AP12-AR12)) -> 0.0092 | AV12: =IF(AQ12>AR12,(AQ12-AR12),(AR12-AQ12)) -> 0.0142 | AW12: =IF(AR12=0,"",IF(AV12=AU12,"50%",IF(AV12>AU12,"CIEN","MMP"))) -> CIEN | AX12: =+Pb!AG10 -> 0.03 | AY12: =Pb!AH10 -> 0.049 | BA12: =+Pb!AK10 -> P | BB12: =IF(AZ12=0,AVERAGE(AX12,AY12),IF(OR(AND(AX12<AY12,AX12>AZ12),AND(AX12>AY12,AX12<AZ12)),AX12,IF(OR(AND(AY12<AX12,AY12>AZ12),AND(AY12>AX12,AY12<AZ12)),AY12,AZ12))) -> 0.0395 | BC12: =IF(AZ12>AX12,(AZ12-AX12),(AX12-AZ12)) -> 0.03 | BD12: =IF(AY12>AZ12,(AY12-AZ12),(AZ12-AY12)) -> 0.049 | BE12: =IF(AZ12=0,"",IF(BD12=BC12,"50%",IF(BD12>BC12,"CIEN","MMP"))) | BF12: =+Pb!AM10 -> 0.06 | BG12: =Pb!AN10 -> 0.05 | BI12: =+Pb!AQ10 -> P | BJ12: =IF(BH12=0,AVERAGE(BF12,BG12),IF(OR(AND(BF12<BG12,BF12>BH12),AND(BF12>BG12,BF12<BH12)),BF12,IF(OR(AND(BG12<BF12,BG12>BH12),AND(BG12>BF12,BG12<BH12)),BG12,BH12))) -> 0.055 | BK12: =IF(BH12>BF12,(BH12-BF12),(BF12-BH12)) -> 0.06 | BL12: =IF(BG12>BH12,(BG12-BH12),(BH12-BG12)) -> 0.05 | BM12: =IF(BH12=0,"",IF(BL12=BK12,"50%",IF(BL12>BK12,"CIEN","MMP"))) | BP12: COURTADE | BS12: KURSIVA
A13: =Pb!B11 -> 09 | B13: =+Pb!C11 -> 171.83 | C13: =Pb!D11 -> 176.07 | D13: 175.12 | E13: =+Pb!G11 -> T | F13: =IF(D13=0,AVERAGE(B13,C13),IF(OR(AND(B13<C13,B13>D13),AND(B13>C13,B13<D13)),B13,IF(OR(AND(C13<B13,C13>D13),AND(C13>B13,C13<D13)),C13,D13))) -> 175.12 | G13: =IF(D13=0,0,IF(D13>B13,(D13-B13),(B13-D13))) -> 3.29 | H13: =IF(D13=0,0,IF(C13>D13,(C13-D13),(D13-C13))) -> 0.95 | I13: =IF(D13=0,"",IF(H13=G13,"50%",IF(H13>G13,"CIEN","MMP"))) -> MMP | J13: =+Pb!I11 -> 14.602 | K13: =Pb!J11 -> 14.903 | L13: 14.751 | M13: =+Pb!M11 -> T | N13: =IF(L13=0,AVERAGE(J13,K13),IF(OR(AND(J13<K13,J13>L13),AND(J13>K13,J13<L13)),J13,IF(OR(AND(K13<J13,K13>L13),AND(K13>J13,K13<L13)),K13,L13))) -> 14.751 | O13: =IF(L13=0,0,IF(L13>J13,(L13-J13),(J13-L13))) -> 0.149 | P13: =IF(L13=0,0,IF(K13>L13,(K13-L13),(L13-K13))) -> 0.152 | Q13: =IF(L13=0,"",IF(P13=O13,"50%",IF(P13>O13,"CIEN","MMP"))) -> CIEN | R13: =+Pb!O11 -> 23.57 | S13: =Pb!P11 -> 23.94 | U13: =+Pb!S11 -> P | V13: =IF(T13=0,AVERAGE(R13,S13),IF(OR(AND(R13<S13,R13>T13),AND(R13>S13,R13<T13)),R13,IF(OR(AND(S13<R13,S13>T13),AND(S13>R13,S13<T13)),S13,T13))) -> 23.755 | W13: =IF(T13=0,0,IF(T13>R13,(T13-R13),(R13-T13))) -> 0 | X13: =IF(T13=0,0,IF(S13>T13,(S13-T13),(T13-S13))) -> 0 | Y13: =IF(T13=0,"",IF(X13=W13,"50%",IF(X13>W13,"CIEN","MMP"))) | Z13: =+Pb!U11 -> 23.12 | AA13: =Pb!V11 -> 21.8 | AB13: 21.74 | AC13: =+Pb!Y11 -> T | AD13: =IF(AB13=0,AVERAGE(Z13,AA13),IF(OR(AND(Z13<AA13,Z13>AB13),AND(Z13>AA13,Z13<AB13)),Z13,IF(OR(AND(AA13<Z13,AA13>AB13),AND(AA13>Z13,AA13<AB13)),AA13,AB13))) -> 21.8 | AE13: =IF(AB13>Z13,(AB13-Z13),(Z13-AB13)) -> 1.38 | AF13: =IF(AA13>AB13,(AA13-AB13),(AB13-AA13)) -> 0.06 | AG13: =IF(AB13=0,"",IF(AF13=AE13,"50%",IF(AF13>AE13,"CIEN","MMP"))) -> MMP | AH13: =+Pb!AA11 -> 0.29 | AI13: =Pb!AB11 -> 0.255 | AK13: =+Pb!AE11 -> P | AL13: =IF(AJ13=0,AVERAGE(AH13,AI13),IF(OR(AND(AH13<AI13,AH13>AJ13),AND(AH13>AI13,AH13<AJ13)),AH13,IF(OR(AND(AI13<AH13,AI13>AJ13),AND(AI13>AH13,AI13<AJ13)),AI13,AJ13))) -> 0.2725 | AM13: =IF(AJ13>AH13,(AJ13-AH13),(AH13-AJ13)) -> 0.29 | AN13: =IF(AI13>AJ13,(AI13-AJ13),(AJ13-AI13)) -> 0.255 | AO13: =IF(AJ13=0,"",IF(AN13=AM13,"50%",IF(AN13>AM13,"CIEN","MMP"))) | AP13: =+Pb!AS11 -> 0.0285 | AQ13: =Pb!AT11 -> 0.007 | AR13: 0.0195 | AS13: =+Pb!AW11 -> T | AT13: =IF(AR13=0,AVERAGE(AP13,AQ13),IF(OR(AND(AP13<AQ13,AP13>AR13),AND(AP13>AQ13,AP13<AR13)),AP13,IF(OR(AND(AQ13<AP13,AQ13>AR13),AND(AQ13>AP13,AQ13<AR13)),AQ13,AR13))) -> 0.0195 | AU13: =IF(AR13>AP13,(AR13-AP13),(AP13-AR13)) -> 0.009 | AV13: =IF(AQ13>AR13,(AQ13-AR13),(AR13-AQ13)) -> 0.0125 | AW13: =IF(AR13=0,"",IF(AV13=AU13,"50%",IF(AV13>AU13,"CIEN","MMP"))) -> CIEN | AX13: =+Pb!AG11 -> 0.03 | AY13: =Pb!AH11 -> 0.045 | BA13: =+Pb!AK11 -> P | BB13: =IF(AZ13=0,AVERAGE(AX13,AY13),IF(OR(AND(AX13<AY13,AX13>AZ13),AND(AX13>AY13,AX13<AZ13)),AX13,IF(OR(AND(AY13<AX13,AY13>AZ13),AND(AY13>AX13,AY13<AZ13)),AY13,AZ13))) -> 0.0375 | BC13: =IF(AZ13>AX13,(AZ13-AX13),(AX13-AZ13)) -> 0.03 | BD13: =IF(AY13>AZ13,(AY13-AZ13),(AZ13-AY13)) -> 0.045 | BE13: =IF(AZ13=0,"",IF(BD13=BC13,"50%",IF(BD13>BC13,"CIEN","MMP"))) | BF13: =+Pb!AM11 -> 0.06 | BG13: =Pb!AN11 -> 0.06 | BI13: =+Pb!AQ11 -> P | BJ13: =IF(BH13=0,AVERAGE(BF13,BG13),IF(OR(AND(BF13<BG13,BF13>BH13),AND(BF13>BG13,BF13<BH13)),BF13,IF(OR(AND(BG13<BF13,BG13>BH13),AND(BG13>BF13,BG13<BH13)),BG13,BH13))) -> 0.06 | BK13: =IF(BH13>BF13,(BH13-BF13),(BF13-BH13)) -> 0.06 | BL13: =IF(BG13>BH13,(BG13-BH13),(BH13-BG13)) -> 0.06 | BM13: =IF(BH13=0,"",IF(BL13=BK13,"50%",IF(BL13>BK13,"CIEN","MMP")))
A14: =Pb!B12 -> 0 | B14: =+Pb!C12 -> 0 | C14: =Pb!D12 -> 0 | F14: =IF(D14=0,AVERAGE(B14,C14),IF(OR(AND(B14<C14,B14>D14),AND(B14>C14,B14<D14)),B14,IF(OR(AND(C14<B14,C14>D14),AND(C14>B14,C14<D14)),C14,D14))) -> 0 | G14: =IF(D14=0,0,IF(D14>B14,(D14-B14),(B14-D14))) -> 0 | H14: =IF(D14=0,0,IF(C14>D14,(C14-D14),(D14-C14))) -> 0 | I14: =IF(D14=0,"",IF(H14=G14,"50%",IF(H14>G14,"CIEN","MMP"))) | J14: =+Pb!I12 -> 0 | K14: =Pb!J12 -> 0 | N14: =IF(L14=0,AVERAGE(J14,K14),IF(OR(AND(J14<K14,J14>L14),AND(J14>K14,J14<L14)),J14,IF(OR(AND(K14<J14,K14>L14),AND(K14>J14,K14<L14)),K14,L14))) -> 0 | O14: =IF(L14=0,0,IF(L14>J14,(L14-J14),(J14-L14))) -> 0 | P14: =IF(L14=0,0,IF(K14>L14,(K14-L14),(L14-K14))) -> 0 | Q14: =IF(L14=0,"",IF(P14=O14,"50%",IF(P14>O14,"CIEN","MMP"))) | R14: =+Pb!O12 -> 0 | S14: =Pb!P12 -> 0 | V14: =IF(T14=0,AVERAGE(R14,S14),IF(OR(AND(R14<S14,R14>T14),AND(R14>S14,R14<T14)),R14,IF(OR(AND(S14<R14,S14>T14),AND(S14>R14,S14<T14)),S14,T14))) -> 0 | W14: =IF(T14=0,0,IF(T14>R14,(T14-R14),(R14-T14))) -> 0 | X14: =IF(T14=0,0,IF(S14>T14,(S14-T14),(T14-S14))) -> 0 | Y14: =IF(T14=0,"",IF(X14=W14,"50%",IF(X14>W14,"CIEN","MMP"))) | Z14: =+Pb!U12 -> 0 | AA14: =Pb!V12 -> 0 | AD14: =IF(AB14=0,AVERAGE(Z14,AA14),IF(OR(AND(Z14<AA14,Z14>AB14),AND(Z14>AA14,Z14<AB14)),Z14,IF(OR(AND(AA14<Z14,AA14>AB14),AND(AA14>Z14,AA14<AB14)),AA14,AB14))) -> 0 | AE14: =IF(AB14>Z14,(AB14-Z14),(Z14-AB14)) -> 0 | AF14: =IF(AA14>AB14,(AA14-AB14),(AB14-AA14)) -> 0 | AG14: =IF(AB14=0,"",IF(AF14=AE14,"50%",IF(AF14>AE14,"CIEN","MMP"))) | AH14: =+Pb!AA12 -> 0 | AI14: =Pb!AB12 -> 0 | AL14: =IF(AJ14=0,AVERAGE(AH14,AI14),IF(OR(AND(AH14<AI14,AH14>AJ14),AND(AH14>AI14,AH14<AJ14)),AH14,IF(OR(AND(AI14<AH14,AI14>AJ14),AND(AI14>AH14,AI14<AJ14)),AI14,AJ14))) -> 0 | AM14: =IF(AJ14>AH14,(AJ14-AH14),(AH14-AJ14)) -> 0 | AN14: =IF(AI14>AJ14,(AI14-AJ14),(AJ14-AI14)) -> 0 | AO14: =IF(AJ14=0,"",IF(AN14=AM14,"50%",IF(AN14>AM14,"CIEN","MMP"))) | AP14: =+Pb!AS12 -> 0 | AQ14: =Pb!AT12 -> 0 | AT14: =IF(AR14=0,AVERAGE(AP14,AQ14),IF(OR(AND(AP14<AQ14,AP14>AR14),AND(AP14>AQ14,AP14<AR14)),AP14,IF(OR(AND(AQ14<AP14,AQ14>AR14),AND(AQ14>AP14,AQ14<AR14)),AQ14,AR14))) -> 0 | AU14: =IF(AR14>AP14,(AR14-AP14),(AP14-AR14)) -> 0 | AV14: =IF(AQ14>AR14,(AQ14-AR14),(AR14-AQ14)) -> 0 | AW14: =IF(AR14=0,"",IF(AV14=AU14,"50%",IF(AV14>AU14,"CIEN","MMP"))) | AX14: =+Pb!AG12 -> 0 | AY14: =Pb!AH12 -> 0 | BB14: =IF(AZ14=0,AVERAGE(AX14,AY14),IF(OR(AND(AX14<AY14,AX14>AZ14),AND(AX14>AY14,AX14<AZ14)),AX14,IF(OR(AND(AY14<AX14,AY14>AZ14),AND(AY14>AX14,AY14<AZ14)),AY14,AZ14))) -> 0 | BC14: =IF(AZ14>AX14,(AZ14-AX14),(AX14-AZ14)) -> 0 | BD14: =IF(AY14>AZ14,(AY14-AZ14),(AZ14-AY14)) -> 0 | BE14: =IF(AZ14=0,"",IF(BD14=BC14,"50%",IF(BD14>BC14,"CIEN","MMP"))) | BF14: =+Pb!AM12 -> 0 | BG14: =Pb!AN12 -> 0 | BJ14: =IF(BH14=0,AVERAGE(BF14,BG14),IF(OR(AND(BF14<BG14,BF14>BH14),AND(BF14>BG14,BF14<BH14)),BF14,IF(OR(AND(BG14<BF14,BG14>BH14),AND(BG14>BF14,BG14<BH14)),BG14,BH14))) -> 0 | BK14: =IF(BH14>BF14,(BH14-BF14),(BF14-BH14)) -> 0 | BL14: =IF(BG14>BH14,(BG14-BH14),(BH14-BG14)) -> 0 | BM14: =IF(BH14=0,"",IF(BL14=BK14,"50%",IF(BL14>BK14,"CIEN","MMP")))
B15: =+Pb!C13 -> 0 | J15: =+Pb!I13 -> 0 | R15: =+Pb!O13 -> 0 | Z15: =+Pb!U13 -> 0 | AH15: =+Pb!AA13 -> 0 | AP15: =+Pb!AS13 -> 0 | AX15: =+Pb!AG13 -> 0 | BF15: =+Pb!AM13 -> 0
B16: =+Pb!C14 -> 0 | J16: =+Pb!I14 -> 0 | R16: =+Pb!O14 -> 0 | Z16: =+Pb!U14 -> 0 | AH16: =+Pb!AA14 -> 0 | AP16: =+Pb!AS14 -> 0 | AX16: =+Pb!AG14 -> 0 | BF16: =+Pb!AM14 -> 0
B17: =+Pb!C15 -> 0 | J17: =+Pb!I15 -> 0 | R17: =+Pb!O15 -> 0 | Z17: =+Pb!U15 -> 0 | AH17: =+Pb!AA15 -> 0 | AP17: =+Pb!AS15 -> 0 | AX17: =+Pb!AG15 -> 0 | BF17: =+Pb!AM15 -> 0
B18: =+Pb!C16 -> 0 | J18: =+Pb!I16 -> 0 | R18: =+Pb!O16 -> 0 | Z18: =+Pb!U16 -> 0 | AH18: =+Pb!AA16 -> 0 | AP18: =+Pb!AS16 -> 0 | AX18: =+Pb!AG16 -> 0 | BF18: =+Pb!AM16 -> 0
B19: =+Pb!C17 -> 0 | J19: =+Pb!I17 -> 0 | R19: =+Pb!O17 -> 0 | Z19: =+Pb!U17 -> 0 | AH19: =+Pb!AA17 -> 0 | AP19: =+Pb!AS17 -> 0 | AX19: =+Pb!AG17 -> 0 | BF19: =+Pb!AM17 -> 0
B20: =+Pb!C18 -> 0 | J20: =+Pb!I18 -> 0 | R20: =+Pb!O18 -> 0 | Z20: =+Pb!U18 -> 0 | AH20: =+Pb!AA18 -> 0 | AP20: =+Pb!AS18 -> 0 | AX20: =+Pb!AG18 -> 0 | BF20: =+Pb!AM18 -> 0
B21: =+Pb!C19 -> 0 | J21: =+Pb!I19 -> 0 | R21: =+Pb!O19 -> 0 | Z21: =+Pb!U19 -> 0 | AH21: =+Pb!AA19 -> 0 | AP21: =+Pb!AS19 -> 0 | AX21: =+Pb!AG19 -> 0 | BF21: =+Pb!AM19 -> 0
B22: =+Pb!C20 -> 0 | J22: =+Pb!I20 -> 0 | R22: =+Pb!O20 -> 0 | Z22: =+Pb!U20 -> 0 | AH22: =+Pb!AA20 -> 0 | AP22: =+Pb!AS20 -> 0 | AX22: =+Pb!AG20 -> 0 | BF22: =+Pb!AM20 -> 0
B23: =+Pb!C21 -> 0 | J23: =+Pb!I21 -> 0 | R23: =+Pb!O21 -> 0 | Z23: =+Pb!U21 -> 0 | AH23: =+Pb!AA21 -> 0 | AP23: =+Pb!AS21 -> 0 | AX23: =+Pb!AG21 -> 0 | BF23: =+Pb!AM21 -> 0
B24: =+Pb!C22 -> 0 | J24: =+Pb!I22 -> 0 | R24: =+Pb!O22 -> 0 | Z24: =+Pb!U22 -> 0 | AH24: =+Pb!AA22 -> 0 | AP24: =+Pb!AS22 -> 0 | AX24: =+Pb!AG22 -> 0 | BF24: =+Pb!AM22 -> 0
A31: No. | B31: Ensayes de ORO gm/ton | G31: Dif. Vs Tercero | I31: Paga | J31: Ensayes de PLATA gm/ton | O31: Dif. Vs Tercero | Q31: Paga
A32: Lote | B32: MMP | C32: CIEN | D32: Tercero | F32: Pago | G32: MMP | H32: CIEN | I32: Terceria | J32: MMP | K32: CIEN | L32: Tercero | N32: Pago | O32: MMP | P32: CIEN | Q32: Terceria
A33: =Pb!#REF! -> #REF! | B33: =Pb!#REF! -> #REF! | C33: =Pb!#REF! -> #REF! | F33: =IF(D33=0,AVERAGE(B33,C33),IF(OR(AND(B33<C33,B33>D33),AND(B33>C33,B33<D33)),B33,IF(OR(AND(C33<B33,C33>D33),AND(C33>B33,C33<D33)),C33,D33))) -> #REF! | G33: =IF(D33=0,0,IF(D33>B33,(D33-B33),(B33-D33))) -> 0 | H33: =IF(D33=0,0,IF(C33>D33,(C33-D33),(D33-C33))) -> 0 | I33: =IF(D33=0,"",IF(H33=G33,"50%",IF(H33>G33,"CIEN","MMP"))) | J33: =Pb!#REF! -> #REF! | K33: =Pb!#REF! -> #REF! | N33: =IF(L33=0,AVERAGE(J33,K33),IF(OR(AND(J33<K33,J33>L33),AND(J33>K33,J33<L33)),J33,IF(OR(AND(K33<J33,K33>L33),AND(K33>J33,K33<L33)),K33,L33))) -> #REF! | O33: =IF(L33=0,0,IF(L33>J33,(L33-J33),(J33-L33))) -> 0 | P33: =IF(L33=0,0,IF(K33>L33,(K33-L33),(L33-K33))) -> 0 | Q33: =IF(L33=0,"",IF(P33=O33,"50%",IF(P33>O33,"CIEN","MMP")))
A34: =Pb!#REF! -> #REF! | B34: =Pb!#REF! -> #REF! | C34: =Pb!#REF! -> #REF! | F34: =IF(D34=0,AVERAGE(B34,C34),IF(OR(AND(B34<C34,B34>D34),AND(B34>C34,B34<D34)),B34,IF(OR(AND(C34<B34,C34>D34),AND(C34>B34,C34<D34)),C34,D34))) -> #REF! | G34: =IF(D34=0,0,IF(D34>B34,(D34-B34),(B34-D34))) -> 0 | H34: =IF(D34=0,0,IF(C34>D34,(C34-D34),(D34-C34))) -> 0 | I34: =IF(D34=0,"",IF(H34=G34,"50%",IF(H34>G34,"CIEN","MMP"))) | J34: =Pb!#REF! -> #REF! | K34: =Pb!#REF! -> #REF! | N34: =IF(L34=0,AVERAGE(J34,K34),IF(OR(AND(J34<K34,J34>L34),AND(J34>K34,J34<L34)),J34,IF(OR(AND(K34<J34,K34>L34),AND(K34>J34,K34<L34)),K34,L34))) -> #REF! | O34: =IF(L34=0,0,IF(L34>J34,(L34-J34),(J34-L34))) -> 0 | P34: =IF(L34=0,0,IF(K34>L34,(K34-L34),(L34-K34))) -> 0 | Q34: =IF(L34=0,"",IF(P34=O34,"50%",IF(P34>O34,"CIEN","MMP")))
A35: =Pb!#REF! -> #REF! | B35: =Pb!#REF! -> #REF! | C35: =Pb!#REF! -> #REF! | F35: =IF(D35=0,AVERAGE(B35,C35),IF(OR(AND(B35<C35,B35>D35),AND(B35>C35,B35<D35)),B35,IF(OR(AND(C35<B35,C35>D35),AND(C35>B35,C35<D35)),C35,D35))) -> #REF! | G35: =IF(D35=0,0,IF(D35>B35,(D35-B35),(B35-D35))) -> 0 | H35: =IF(D35=0,0,IF(C35>D35,(C35-D35),(D35-C35))) -> 0 | I35: =IF(D35=0,"",IF(H35=G35,"50%",IF(H35>G35,"CIEN","MMP"))) | J35: =Pb!#REF! -> #REF! | K35: =Pb!#REF! -> #REF! | N35: =IF(L35=0,AVERAGE(J35,K35),IF(OR(AND(J35<K35,J35>L35),AND(J35>K35,J35<L35)),J35,IF(OR(AND(K35<J35,K35>L35),AND(K35>J35,K35<L35)),K35,L35))) -> #REF! | O35: =IF(L35=0,0,IF(L35>J35,(L35-J35),(J35-L35))) -> 0 | P35: =IF(L35=0,0,IF(K35>L35,(K35-L35),(L35-K35))) -> 0 | Q35: =IF(L35=0,"",IF(P35=O35,"50%",IF(P35>O35,"CIEN","MMP")))
A36: =Pb!#REF! -> #REF! | B36: =Pb!#REF! -> #REF! | C36: =Pb!#REF! -> #REF! | F36: =IF(D36=0,AVERAGE(B36,C36),IF(OR(AND(B36<C36,B36>D36),AND(B36>C36,B36<D36)),B36,IF(OR(AND(C36<B36,C36>D36),AND(C36>B36,C36<D36)),C36,D36))) -> #REF! | G36: =IF(D36=0,0,IF(D36>B36,(D36-B36),(B36-D36))) -> 0 | H36: =IF(D36=0,0,IF(C36>D36,(C36-D36),(D36-C36))) -> 0 | I36: =IF(D36=0,"",IF(H36=G36,"50%",IF(H36>G36,"CIEN","MMP"))) | J36: =Pb!#REF! -> #REF! | K36: =Pb!#REF! -> #REF! | N36: =IF(L36=0,AVERAGE(J36,K36),IF(OR(AND(J36<K36,J36>L36),AND(J36>K36,J36<L36)),J36,IF(OR(AND(K36<J36,K36>L36),AND(K36>J36,K36<L36)),K36,L36))) -> #REF! | O36: =IF(L36=0,0,IF(L36>J36,(L36-J36),(J36-L36))) -> 0 | P36: =IF(L36=0,0,IF(K36>L36,(K36-L36),(L36-K36))) -> 0 | Q36: =IF(L36=0,"",IF(P36=O36,"50%",IF(P36>O36,"CIEN","MMP")))
A37: =Pb!#REF! -> #REF! | B37: =Pb!#REF! -> #REF! | C37: =Pb!#REF! -> #REF! | F37: =IF(D37=0,AVERAGE(B37,C37),IF(OR(AND(B37<C37,B37>D37),AND(B37>C37,B37<D37)),B37,IF(OR(AND(C37<B37,C37>D37),AND(C37>B37,C37<D37)),C37,D37))) -> #REF! | G37: =IF(D37=0,0,IF(D37>B37,(D37-B37),(B37-D37))) -> 0 | H37: =IF(D37=0,0,IF(C37>D37,(C37-D37),(D37-C37))) -> 0 | I37: =IF(D37=0,"",IF(H37=G37,"50%",IF(H37>G37,"CIEN","MMP"))) | J37: =Pb!#REF! -> #REF! | K37: =Pb!#REF! -> #REF! | N37: =IF(L37=0,AVERAGE(J37,K37),IF(OR(AND(J37<K37,J37>L37),AND(J37>K37,J37<L37)),J37,IF(OR(AND(K37<J37,K37>L37),AND(K37>J37,K37<L37)),K37,L37))) -> #REF! | O37: =IF(L37=0,0,IF(L37>J37,(L37-J37),(J37-L37))) -> 0 | P37: =IF(L37=0,0,IF(K37>L37,(K37-L37),(L37-K37))) -> 0 | Q37: =IF(L37=0,"",IF(P37=O37,"50%",IF(P37>O37,"CIEN","MMP")))
A38: =Pb!#REF! -> #REF! | B38: =Pb!#REF! -> #REF! | C38: =Pb!#REF! -> #REF! | F38: =IF(D38=0,AVERAGE(B38,C38),IF(OR(AND(B38<C38,B38>D38),AND(B38>C38,B38<D38)),B38,IF(OR(AND(C38<B38,C38>D38),AND(C38>B38,C38<D38)),C38,D38))) -> #REF! | G38: =IF(D38=0,0,IF(D38>B38,(D38-B38),(B38-D38))) -> 0 | H38: =IF(D38=0,0,IF(C38>D38,(C38-D38),(D38-C38))) -> 0 | I38: =IF(D38=0,"",IF(H38=G38,"50%",IF(H38>G38,"CIEN","MMP"))) | J38: =Pb!#REF! -> #REF! | K38: =Pb!#REF! -> #REF! | N38: =IF(L38=0,AVERAGE(J38,K38),IF(OR(AND(J38<K38,J38>L38),AND(J38>K38,J38<L38)),J38,IF(OR(AND(K38<J38,K38>L38),AND(K38>J38,K38<L38)),K38,L38))) -> #REF! | O38: =IF(L38=0,0,IF(L38>J38,(L38-J38),(J38-L38))) -> 0 | P38: =IF(L38=0,0,IF(K38>L38,(K38-L38),(L38-K38))) -> 0 | Q38: =IF(L38=0,"",IF(P38=O38,"50%",IF(P38>O38,"CIEN","MMP")))
A39: =Pb!#REF! -> #REF! | B39: =Pb!#REF! -> #REF! | C39: =Pb!#REF! -> #REF! | F39: =IF(D39=0,AVERAGE(B39,C39),IF(OR(AND(B39<C39,B39>D39),AND(B39>C39,B39<D39)),B39,IF(OR(AND(C39<B39,C39>D39),AND(C39>B39,C39<D39)),C39,D39))) -> #REF! | G39: =IF(D39=0,0,IF(D39>B39,(D39-B39),(B39-D39))) -> 0 | H39: =IF(D39=0,0,IF(C39>D39,(C39-D39),(D39-C39))) -> 0 | I39: =IF(D39=0,"",IF(H39=G39,"50%",IF(H39>G39,"CIEN","MMP"))) | J39: =Pb!#REF! -> #REF! | K39: =Pb!#REF! -> #REF! | N39: =IF(L39=0,AVERAGE(J39,K39),IF(OR(AND(J39<K39,J39>L39),AND(J39>K39,J39<L39)),J39,IF(OR(AND(K39<J39,K39>L39),AND(K39>J39,K39<L39)),K39,L39))) -> #REF! | O39: =IF(L39=0,0,IF(L39>J39,(L39-J39),(J39-L39))) -> 0 | P39: =IF(L39=0,0,IF(K39>L39,(K39-L39),(L39-K39))) -> 0 | Q39: =IF(L39=0,"",IF(P39=O39,"50%",IF(P39>O39,"CIEN","MMP")))
A40: =Pb!#REF! -> #REF! | B40: =Pb!#REF! -> #REF! | C40: =Pb!#REF! -> #REF! | F40: =IF(D40=0,AVERAGE(B40,C40),IF(OR(AND(B40<C40,B40>D40),AND(B40>C40,B40<D40)),B40,IF(OR(AND(C40<B40,C40>D40),AND(C40>B40,C40<D40)),C40,D40))) -> #REF! | G40: =IF(D40=0,0,IF(D40>B40,(D40-B40),(B40-D40))) -> 0 | H40: =IF(D40=0,0,IF(C40>D40,(C40-D40),(D40-C40))) -> 0 | I40: =IF(D40=0,"",IF(H40=G40,"50%",IF(H40>G40,"CIEN","MMP"))) | J40: =Pb!#REF! -> #REF! | K40: =Pb!#REF! -> #REF! | N40: =IF(L40=0,AVERAGE(J40,K40),IF(OR(AND(J40<K40,J40>L40),AND(J40>K40,J40<L40)),J40,IF(OR(AND(K40<J40,K40>L40),AND(K40>J40,K40<L40)),K40,L40))) -> #REF! | O40: =IF(L40=0,0,IF(L40>J40,(L40-J40),(J40-L40))) -> 0 | P40: =IF(L40=0,0,IF(K40>L40,(K40-L40),(L40-K40))) -> 0 | Q40: =IF(L40=0,"",IF(P40=O40,"50%",IF(P40>O40,"CIEN","MMP")))
A41: =Pb!#REF! -> #REF! | B41: =Pb!#REF! -> #REF! | C41: =Pb!#REF! -> #REF! | F41: =IF(D41=0,AVERAGE(B41,C41),IF(OR(AND(B41<C41,B41>D41),AND(B41>C41,B41<D41)),B41,IF(OR(AND(C41<B41,C41>D41),AND(C41>B41,C41<D41)),C41,D41))) -> #REF! | G41: =IF(D41=0,0,IF(D41>B41,(D41-B41),(B41-D41))) -> 0 | H41: =IF(D41=0,0,IF(C41>D41,(C41-D41),(D41-C41))) -> 0 | I41: =IF(D41=0,"",IF(H41=G41,"50%",IF(H41>G41,"CIEN","MMP"))) | J41: =Pb!#REF! -> #REF! | K41: =Pb!#REF! -> #REF! | N41: =IF(L41=0,AVERAGE(J41,K41),IF(OR(AND(J41<K41,J41>L41),AND(J41>K41,J41<L41)),J41,IF(OR(AND(K41<J41,K41>L41),AND(K41>J41,K41<L41)),K41,L41))) -> #REF! | O41: =IF(L41=0,0,IF(L41>J41,(L41-J41),(J41-L41))) -> 0 | P41: =IF(L41=0,0,IF(K41>L41,(K41-L41),(L41-K41))) -> 0 | Q41: =IF(L41=0,"",IF(P41=O41,"50%",IF(P41>O41,"CIEN","MMP")))
A42: =Pb!#REF! -> #REF! | B42: =Pb!#REF! -> #REF! | C42: =Pb!#REF! -> #REF! | F42: =IF(D42=0,AVERAGE(B42,C42),IF(OR(AND(B42<C42,B42>D42),AND(B42>C42,B42<D42)),B42,IF(OR(AND(C42<B42,C42>D42),AND(C42>B42,C42<D42)),C42,D42))) -> #REF! | G42: =IF(D42=0,0,IF(D42>B42,(D42-B42),(B42-D42))) -> 0 | H42: =IF(D42=0,0,IF(C42>D42,(C42-D42),(D42-C42))) -> 0 | I42: =IF(D42=0,"",IF(H42=G42,"50%",IF(H42>G42,"CIEN","MMP"))) | J42: =Pb!#REF! -> #REF! | K42: =Pb!#REF! -> #REF! | N42: =IF(L42=0,AVERAGE(J42,K42),IF(OR(AND(J42<K42,J42>L42),AND(J42>K42,J42<L42)),J42,IF(OR(AND(K42<J42,K42>L42),AND(K42>J42,K42<L42)),K42,L42))) -> #REF! | O42: =IF(L42=0,0,IF(L42>J42,(L42-J42),(J42-L42))) -> 0 | P42: =IF(L42=0,0,IF(K42>L42,(K42-L42),(L42-K42))) -> 0 | Q42: =IF(L42=0,"",IF(P42=O42,"50%",IF(P42>O42,"CIEN","MMP")))
A43: =Pb!#REF! -> #REF! | B43: =Pb!#REF! -> #REF! | C43: =Pb!#REF! -> #REF! | F43: =IF(D43=0,AVERAGE(B43,C43),IF(OR(AND(B43<C43,B43>D43),AND(B43>C43,B43<D43)),B43,IF(OR(AND(C43<B43,C43>D43),AND(C43>B43,C43<D43)),C43,D43))) -> #REF! | G43: =IF(D43=0,0,IF(D43>B43,(D43-B43),(B43-D43))) -> 0 | H43: =IF(D43=0,0,IF(C43>D43,(C43-D43),(D43-C43))) -> 0 | I43: =IF(D43=0,"",IF(H43=G43,"50%",IF(H43>G43,"CIEN","MMP"))) | J43: =Pb!#REF! -> #REF! | K43: =Pb!#REF! -> #REF! | N43: =IF(L43=0,AVERAGE(J43,K43),IF(OR(AND(J43<K43,J43>L43),AND(J43>K43,J43<L43)),J43,IF(OR(AND(K43<J43,K43>L43),AND(K43>J43,K43<L43)),K43,L43))) -> #REF! | O43: =IF(L43=0,0,IF(L43>J43,(L43-J43),(J43-L43))) -> 0 | P43: =IF(L43=0,0,IF(K43>L43,(K43-L43),(L43-K43))) -> 0 | Q43: =IF(L43=0,"",IF(P43=O43,"50%",IF(P43>O43,"CIEN","MMP")))
A44: =Pb!#REF! -> #REF! | B44: =Pb!#REF! -> #REF! | C44: =Pb!#REF! -> #REF! | F44: =IF(D44=0,AVERAGE(B44,C44),IF(OR(AND(B44<C44,B44>D44),AND(B44>C44,B44<D44)),B44,IF(OR(AND(C44<B44,C44>D44),AND(C44>B44,C44<D44)),C44,D44))) -> #REF! | G44: =IF(D44=0,0,IF(D44>B44,(D44-B44),(B44-D44))) -> 0 | H44: =IF(D44=0,0,IF(C44>D44,(C44-D44),(D44-C44))) -> 0 | I44: =IF(D44=0,"",IF(H44=G44,"50%",IF(H44>G44,"CIEN","MMP"))) | J44: =Pb!#REF! -> #REF! | K44: =Pb!#REF! -> #REF! | N44: =IF(L44=0,AVERAGE(J44,K44),IF(OR(AND(J44<K44,J44>L44),AND(J44>K44,J44<L44)),J44,IF(OR(AND(K44<J44,K44>L44),AND(K44>J44,K44<L44)),K44,L44))) -> #REF! | O44: =IF(L44=0,0,IF(L44>J44,(L44-J44),(J44-L44))) -> 0 | P44: =IF(L44=0,0,IF(K44>L44,(K44-L44),(L44-K44))) -> 0 | Q44: =IF(L44=0,"",IF(P44=O44,"50%",IF(P44>O44,"CIEN","MMP")))
A45: =Pb!#REF! -> #REF! | B45: =Pb!#REF! -> #REF! | C45: =Pb!#REF! -> #REF! | F45: =IF(D45=0,AVERAGE(B45,C45),IF(OR(AND(B45<C45,B45>D45),AND(B45>C45,B45<D45)),B45,IF(OR(AND(C45<B45,C45>D45),AND(C45>B45,C45<D45)),C45,D45))) -> #REF! | G45: =IF(D45=0,0,IF(D45>B45,(D45-B45),(B45-D45))) -> 0 | H45: =IF(D45=0,0,IF(C45>D45,(C45-D45),(D45-C45))) -> 0 | I45: =IF(D45=0,"",IF(H45=G45,"50%",IF(H45>G45,"CIEN","MMP"))) | J45: =Pb!#REF! -> #REF! | K45: =Pb!#REF! -> #REF! | N45: =IF(L45=0,AVERAGE(J45,K45),IF(OR(AND(J45<K45,J45>L45),AND(J45>K45,J45<L45)),J45,IF(OR(AND(K45<J45,K45>L45),AND(K45>J45,K45<L45)),K45,L45))) -> #REF! | O45: =IF(L45=0,0,IF(L45>J45,(L45-J45),(J45-L45))) -> 0 | P45: =IF(L45=0,0,IF(K45>L45,(K45-L45),(L45-K45))) -> 0 | Q45: =IF(L45=0,"",IF(P45=O45,"50%",IF(P45>O45,"CIEN","MMP")))

Sheet Ens. Zinc
A1: MINERA MEXICANA LA CIENEGA, S.A. DE C.V.
A5: COMPARACION DE ENSAYES
A7: Lotes cerrados en 2025.
A9: CONCENTRADO DE ZINC
C10: Au | D10: Ag | E10: Zn | F10: Cd | G10: As | H10: Fe | I10: MgO | J10: Insol
C11: Gms/Ton | D11: Kgs/Ton | E11: % | F11: % | G11: % | H11: % | I11: % | J11: %
A12: LOTE MMP | B12: LOTE MINA
A13: =[1]Zinc!$A9 -> 0 | B13: =[1]Zinc!$B9 -> 0 | C13: =[1]Zinc!C9 -> 0 | D13: =[1]Zinc!F9 -> 0 | E13: =[1]Zinc!I9 -> 0 | F13: =[1]Zinc!L9 -> 0 | G13: =[1]Zinc!R9 -> 0 | H13: =[1]Zinc!O9 -> 0 | I13: =[1]Zinc!U9 -> 0 | J13: =[1]Zinc!X9 -> 0
A14: =[1]Zinc!$A10 -> 0 | B14: =[1]Zinc!$B10 -> 0 | C14: =[1]Zinc!C10 -> 0 | D14: =[1]Zinc!F10 -> 0 | E14: =[1]Zinc!I10 -> 0 | F14: =[1]Zinc!L10 -> 0 | G14: =[1]Zinc!R10 -> 0 | H14: =[1]Zinc!O10 -> 0 | I14: =[1]Zinc!U10 -> 0 | J14: =[1]Zinc!X10 -> 0
D19: Ing. Laura D. Medina Carranza
D20: Gerencia Administrativa OFSA

Sheet Zn
A1: ='Ens. Zinc'!A1:G1 -> MINERA MEXICANA LA CIENEGA, S.A. DE C.V.
A2: CUADRO PARA DETERMINAR LOS ANALISIS EN CONJUNTO
A3: ='Ens. Zinc'!$A$7:$G$7 -> Lotes cerrados en 2025.
A4: CONCENTRADO DE ZINC
A6: LOTE | D6: ENSAYES DE ORO | J6: ENSAYES DE PLATA KGS/TON | P6: ENSAYES DE ZINC | V6: ENSAYES DE CADMIO | AB6: ENSAYES DE ARSÉNICO (Libre 0.1 %) | AH6: ENSAYES DE FIERRO (Libre 8.0%) | AN6: ENSAYES DE OXIDO DE MAGNESIO ( LIBRE .1 %) | AT6: ENSAYES DE INSOLUBLES
D7: Met-Mex | E7: Ciénega | F7: Dif | G7: L.P. | H7: INT. | I7: Final | J7: Met-Mex | K7: Ciénega | L7: Dif | M7: L.P. | N7: INT. | O7: Final | P7: Met-Mex | Q7: Ciénega | R7: Dif | S7: L.P. | T7: INT. | U7: Final | V7: Met-Mex | W7: Ciénega | X7: Dif | Y7: L.P. | Z7: INT. | AA7: Final | AB7: Met-Mex | AC7: Ciénega | AD7: Dif | AE7: L.P. | AF7: INT. | AG7: Final | AH7: Met-Mex | AI7: Ciénega | AJ7: Dif | AK7: L.P. | AL7: INT. | AM7: Final | AN7: Met-Mex | AO7: Ciénega | AP7: Dif | AQ7: L.P. | AR7: INT. | AS7: Final | AT7: Met-Mex | AU7: Ciénega | AV7: Dif | AW7: L.P. | AX7: INT. | AY7: Final
B8: ='Ens. Zinc'!B13 -> 0 | E8: ='Ens. Zinc'!C13 -> 0 | F8: =ROUND(ABS(D8-E8),2) -> 0 | G8: =IF(E8<=10,0.3,IF(E8>10,0.4)) -> 0.3 | H8: =IF(F8<=G8,"P","T") -> P | I8: =IF(ISBLANK(D8)," ",IF(F8<=G8,AVERAGE(D8:E8),0)) | K8: ='Ens. Zinc'!D13 -> 0 | L8: =ROUND(ABS(J8-K8),3) -> 0 | M8: =IF(K8>=0.08,0.015,0) -> 0 | N8: =IF(L8<=M8,"P","T") -> P | O8: =IF(ISBLANK(J8)," ",IF(L8<=M8,AVERAGE(J8:K8),0)) | Q8: ='Ens. Zinc'!E13 -> 0 | R8: =ROUND(ABS(P8-Q8),2) -> 0 | S8: =IF(Q8>=40,0.5,0) -> 0 | T8: =IF(R8<=S8,"P","T") -> P | U8: =IF(ISBLANK(P8)," ",IF(R8>=S8,AVERAGE(P8:Q8),0)) | W8: ='Ens. Zinc'!F13 -> 0 | X8: =ROUND(ABS(V8-W8),2) -> 0 | Y8: =IF(W8<=1,0.03,0) -> 0.03 | Z8: =IF(X8<=Y8,"P","T") -> P | AA8: =IF(ISBLANK(V8)," ",IF(X8<=Y8,AVERAGE(V8:W8),0)) | AC8: ='Ens. Zinc'!G13 -> 0 | AD8: =ROUND(ABS(AB8-AC8),2) -> 0 | AE8: =IF(AC8<=1,0.02,0) -> 0.02 | AF8: =IF(AD8<=AE8,"P","T") -> P | AG8: =IF(ISBLANK(AB8)," ",IF(AD8<=AE8,AVERAGE(AB8:AC8),0)) | AI8: ='Ens. Zinc'!H13 -> 0 | AJ8: =ROUND(ABS(AH8-AI8),2) -> 0 | AK8: =IF(AI8<=10,0.3,0) -> 0.3 | AL8: =IF(AJ8<=AK8,"P","T") -> P | AM8: =IF(ISBLANK(AH8)," ",IF(AL8="P",AVERAGE(AH8,AI8),0)) | AO8: 0 | AP8: =ROUND(ABS(AN8-AO8),2) -> 0 | AQ8: 0.02 | AR8: =IF(AP8<=AQ8,"P","T") -> P | AS8: =IF(ISBLANK(AN8)," ",IF(AR8="P",AVERAGE(AN8,AO8),0)) | AU8: ='Ens. Zinc'!J13 -> 0 | AV8: =ROUND(ABS(AT8-AU8),2) -> 0 | AW8: =IF(AU8>=5,0.3,0) -> 0 | AX8: =IF(AV8<=AW8,"P","T") -> P | AY8: =IF(ISBLANK(AT8)," ",IF(AX8="P",AVERAGE(AT8,AU8),0))
B9: ='Ens. Zinc'!B14 -> 0 | E9: ='Ens. Zinc'!C14 -> 0 | F9: =ROUND(ABS(D9-E9),2) -> 0 | G9: =IF(E9<=10,0.3,IF(E9>10,0.4)) -> 0.3 | H9: =IF(F9<=G9,"P","T") -> P | I9: =IF(ISBLANK(D9)," ",IF(F9<=G9,AVERAGE(D9:E9),0)) | K9: ='Ens. Zinc'!D14 -> 0 | L9: =ROUND(ABS(J9-K9),3) -> 0 | M9: =IF(K9>=0.08,0.015,0) -> 0 | N9: =IF(L9<=M9,"P","T") -> P | O9: =IF(ISBLANK(J9)," ",IF(L9<=M9,AVERAGE(J9:K9),0)) | Q9: ='Ens. Zinc'!E14 -> 0 | R9: =ROUND(ABS(P9-Q9),2) -> 0 | S9: =IF(Q9>=40,0.5,0) -> 0 | T9: =IF(R9<=S9,"P","T") -> P | U9: =IF(ISBLANK(P9)," ",IF(R9<=S9,AVERAGE(P9:Q9),0)) | W9: ='Ens. Zinc'!F14 -> 0 | X9: =ROUND(ABS(V9-W9),2) -> 0 | Y9: =IF(W9<=1,0.03,0) -> 0.03 | Z9: =IF(X9<=Y9,"P","T") -> P | AA9: =IF(ISBLANK(V9)," ",IF(X9<=Y9,AVERAGE(V9:W9),0)) | AC9: ='Ens. Zinc'!G14 -> 0 | AD9: =ROUND(ABS(AB9-AC9),2) -> 0 | AE9: =IF(AC9<=1,0.02,0) -> 0.02 | AF9: =IF(AD9<=AE9,"P","T") -> P | AG9: =IF(ISBLANK(AB9)," ",IF(AD9<=AE9,AVERAGE(AB9:AC9),0)) | AI9: ='Ens. Zinc'!H14 -> 0 | AJ9: =ROUND(ABS(AH9-AI9),2) -> 0 | AK9: =IF(AI9<=10,0.3,0) -> 0.3 | AL9: =IF(AJ9<=AK9,"P","T") -> P | AM9: =IF(ISBLANK(AH9)," ",IF(AL9="P",AVERAGE(AH9,AI9),0)) | AO9: ='Ens. Zinc'!I14 -> 0 | AP9: =ROUND(ABS(AN9-AO9),2) -> 0 | AQ9: 0.02 | AR9: =IF(AP9<=AQ9,"P","T") -> P | AS9: =IF(ISBLANK(AN9)," ",IF(AR9="P",AVERAGE(AN9,AO9),0)) | AU9: ='Ens. Zinc'!J14 -> 0 | AV9: =ROUND(ABS(AT9-AU9),2) -> 0 | AW9: =IF(AU9>=5,0.3,0) -> 0 | AX9: =IF(AV9<=AW9,"P","T") -> P | AY9: =IF(ISBLANK(AT9)," ",IF(AX9="P",AVERAGE(AT9,AU9),0))
B10: ='Ens. Zinc'!#REF! -> #REF! | E10: ='Ens. Zinc'!#REF! -> #REF! | F10: =ROUND(ABS(D10-E10),2) -> #REF! | G10: =IF(E10<=10,0.3,IF(E10>10,0.4)) -> #REF! | H10: =IF(F10<=G10,"P","T") -> #REF! | I10: =IF(ISBLANK(D10)," ",IF(F10<=G10,AVERAGE(D10:E10),0)) | K10: ='Ens. Zinc'!#REF! -> #REF! | L10: =ROUND(ABS(J10-K10),3) -> #REF! | M10: =IF(K10>=0.08,0.015,0) -> #REF! | N10: =IF(L10<=M10,"P","T") -> #REF! | O10: =IF(ISBLANK(J10)," ",IF(L10<=M10,AVERAGE(J10:K10),0)) | Q10: ='Ens. Zinc'!#REF! -> #REF! | R10: =ROUND(ABS(P10-Q10),2) -> #REF! | S10: =IF(Q10>=40,0.5,0) -> #REF! | T10: =IF(R10<=S10,"P","T") -> #REF! | U10: =IF(ISBLANK(P10)," ",IF(R10<=S10,AVERAGE(P10:Q10),0)) | W10: ='Ens. Zinc'!#REF! -> #REF! | X10: =ROUND(ABS(V10-W10),2) -> #REF! | Y10: =IF(W10<=1,0.03,0) -> #REF! | Z10: =IF(X10<=Y10,"P","T") -> #REF! | AA10: =IF(ISBLANK(V10)," ",IF(X10<=Y10,AVERAGE(V10:W10),0)) | AC10: ='Ens. Zinc'!#REF! -> #REF! | AD10: =ROUND(ABS(AB10-AC10),2) -> #REF! | AE10: =IF(AC10<=1,0.03,0) -> #REF! | AF10: =IF(AD10<=AE10,"P","T") -> #REF! | AG10: =IF(ISBLANK(AB10)," ",IF(AD10<=AE10,AVERAGE(AB10:AC10),0)) | AI10: ='Ens. Zinc'!#REF! -> #REF! | AJ10: =ROUND(ABS(AH10-AI10),2) -> #REF! | AK10: =IF(AI10<=10,0.3,0) -> #REF! | AL10: =IF(AJ10<>AK10,"P","T") -> #REF! | AM10: =IF(ISBLANK(AH10)," ",IF(AL10="P",AVERAGE(AH10,AI10),0)) | AO10: ='Ens. Zinc'!#REF! -> #REF! | AP10: =ROUND(ABS(AN10-AO10),2) -> #REF! | AQ10: 0.02 | AR10: =IF(AP10<=AQ10,"P","T") -> #REF! | AS10: =IF(ISBLANK(AN10)," ",IF(AR10="P",AVERAGE(AN10,AO10),0)) | AU10: ='Ens. Zinc'!#REF! -> #REF! | AV10: =ROUND(ABS(AT10-AU10),2) -> #REF! | AW10: =IF(AU10>=5,0.3,0) -> #REF! | AX10: =IF(AV10<=AW10,"P","T") -> #REF! | AY10: =IF(ISBLANK(AT10)," ",IF(AX10="P",AVERAGE(AT10,AU10),0))

Sheet Terc. Zinc
A1: MINERA MEXICANA LA CIÉNEGA, S.A. DE C.V.
A3: CUADRO PARA DETERMINAR DIFERENCIAS EN ENSAYES COMPARADOS
A6: =+Pb!A3 -> Lotes cerrados febrero 2026.
T7: ZINC
A8: No. | B8: Ensayes de ORO gm/ton | G8: Dif. Vs Tercero | I8: Paga | J8: Ensayes de PLATA gm/ton | O8: Dif. Vs Tercero | Q8: Paga | R8: Ensayes de ZINC % | W8: Dif. Vs Tercero | Y8: Paga | Z8: Ensayes de MgO | AE8: Dif. Vs Tercero | AG8: Paga | AH8: Ensayes de CADMIO % | AM8: Dif. Vs Tercero | AO8: Paga | AP8: Ensayes de FIERRO % | AU8: Dif. Vs Tercero | AW8: Paga | AX8: Ensayes de INSOLUBLES % | BC8: Dif. Vs Tercero | BE8: Paga | BF8: Ensayes de ARSENICO % | BK8: Dif. Vs Tercero | BM8: Paga | BP8: ALEX STEWART
A9: Lote | B9: MMP | C9: CIEN | D9: Tercero | E9: INT. | F9: Pago | G9: MMP | H9: CIEN | I9: Terceria | J9: MMP | K9: CIEN | L9: Tercero | M9: INT. | N9: Pago | O9: MMP | P9: CIEN | Q9: Terceria | R9: MMP | S9: CIEN | T9: Tercero | U9: INT. | V9: Pago | W9: MMP | X9: CIEN | Y9: Terceria | Z9: MMP | AA9: CIEN | AB9: Tercero | AC9: INT. | AD9: Pago | AE9: MMP | AF9: CIEN | AG9: Terceria | AH9: MMP | AI9: CIEN | AJ9: Tercero | AK9: INT. | AL9: Pago | AM9: MMP | AN9: CIEN | AO9: Terceria | AP9: MMP | AQ9: CIEN | AR9: Tercero | AS9: INT. | AT9: Pago | AU9: MMP | AV9: CIEN | AW9: Terceria | AX9: MMP | AY9: CIEN | AZ9: Tercero | BA9: INT. | BB9: Pago | BC9: MMP | BD9: CIEN | BE9: Terceria | BF9: MMP | BG9: CIEN | BH9: Tercero | BI9: INT. | BJ9: Pago | BK9: MMP | BL9: CIEN | BM9: Terceria | BP9: LIM | BS9: NEGRITAS
A10: =+Zn!B8 -> 0 | B10: =+Zn!D8 -> 0 | C10: =+Zn!E8 -> 0 | E10: =+Zn!H8 -> P | F10: =IF(D10=0,AVERAGE(B10,C10),IF(OR(AND(B10<C10,B10>D10),AND(B10>C10,B10<D10)),B10,IF(OR(AND(C10<B10,C10>D10),AND(C10>B10,C10<D10)),C10,D10))) -> 0 | G10: =IF(D10=0,0,IF(D10>B10,(D10-B10),(B10-D10))) -> 0 | H10: =IF(D10=0,0,IF(C10>D10,(C10-D10),(D10-C10))) -> 0 | I10: =IF(D10=0,"",IF(H10=G10,"50%",IF(H10>G10,"CIEN","MMP"))) | J10: =+Zn!J8 -> 0 | K10: =+Zn!K8 -> 0 | M10: =+Zn!N8 -> P | N10: =IF(L10=0,AVERAGE(J10,K10),IF(OR(AND(J10<K10,J10>L10),AND(J10>K10,J10<L10)),J10,IF(OR(AND(K10<J10,K10>L10),AND(K10>J10,K10<L10)),K10,L10))) -> 0 | O10: =IF(L10=0,0,IF(L10>J10,(L10-J10),(J10-L10))) -> 0 | P10: =IF(L10=0,0,IF(K10>L10,(K10-L10),(L10-K10))) -> 0 | Q10: =IF(L10=0,"",IF(P10=O10,"50%",IF(P10>O10,"CIEN","MMP"))) | R10: =+Zn!P8 -> 0 | S10: =+Zn!Q8 -> 0 | U10: =+Zn!T8 -> P | V10: =IF(T10=0,AVERAGE(R10,S10),IF(OR(AND(R10<S10,R10>T10),AND(R10>S10,R10<T10)),R10,IF(OR(AND(S10<R10,S10>T10),AND(S10>R10,S10<T10)),S10,T10))) -> 0 | W10: =IF(T10=0,0,IF(T10>R10,(T10-R10),(R10-T10))) -> 0 | X10: =IF(T10=0,0,IF(S10>T10,(S10-T10),(T10-S10))) -> 0 | Y10: =IF(T10=0,"",IF(X10=W10,"50%",IF(X10>W10,"CIEN","MMP"))) | Z10: =+Zn!AN8 -> 0 | AA10: =+Zn!AO8 -> 0 | AC10: =+Zn!AR8 -> P | AD10: =IF(AB10=0,AVERAGE(Z10,AA10),IF(OR(AND(Z10<AA10,Z10>AB10),AND(Z10>AA10,Z10<AB10)),Z10,IF(OR(AND(AA10<Z10,AA10>AB10),AND(AA10>Z10,AA10<AB10)),AA10,AB10))) -> 0 | AE10: =IF(Z10>AB10,(Z10-AB10),(AB10-Z10)) -> 0 | AF10: =IF(AA10>AB10,(AA10-AB10),(AB10-AA10)) -> 0 | AG10: =IF(AB10=0,"",IF(AF10=AE10,"50%",IF(AF10>AE10,"CIEN","MMP"))) | AH10: =+Zn!V8 -> 0 | AI10: =+Zn!W8 -> 0 | AK10: =+Zn!Z8 -> P | AL10: =IF(AJ10=0,AVERAGE(AH10,AI10),IF(OR(AND(AH10<AI10,AH10>AJ10),AND(AH10>AI10,AH10<AJ10)),AH10,IF(OR(AND(AI10<AH10,AI10>AJ10),AND(AI10>AH10,AI10<AJ10)),AI10,AJ10))) -> 0 | AM10: =IF(AJ10>AH10,(AJ10-AH10),(AH10-AJ10)) -> 0 | AN10: =IF(AI10>AJ10,(AI10-AJ10),(AJ10-AI10)) -> 0 | AO10: =IF(AJ10=0,"",IF(AN10=AM10,"50%",IF(AN10>AM10,"CIEN","MMP"))) | AP10: =+Zn!AH8 -> 0 | AQ10: =+Zn!AI8 -> 0 | AS10: =+Zn!AL8 -> P | AT10: =IF(AR10=0,AVERAGE(AP10,AQ10),IF(OR(AND(AP10<AQ10,AP10>AR10),AND(AP10>AQ10,AP10<AR10)),AP10,IF(OR(AND(AQ10<AP10,AQ10>AR10),AND(AQ10>AP10,AQ10<AR10)),AQ10,AR10))) -> 0 | AU10: =IF(AR10>AP10,(AR10-AP10),(AP10-AR10)) -> 0 | AV10: =IF(AQ10>AR10,(AQ10-AR10),(AR10-AQ10)) -> 0 | AW10: =IF(AR10=0,"",IF(AV10=AU10,"50%",IF(AV10>AU10,"CIEN","MMP"))) | AX10: =+Zn!AT8 -> 0 | AY10: =+Zn!AU8 -> 0 | BA10: =+Zn!AX8 -> P | BB10: =IF(AZ10=0,AVERAGE(AX10,AY10),IF(OR(AND(AX10<AY10,AX10>AZ10),AND(AX10>AY10,AX10<AZ10)),AX10,IF(OR(AND(AY10<AX10,AY10>AZ10),AND(AY10>AX10,AY10<AZ10)),AY10,AZ10))) -> 0 | BC10: =IF(AZ10>AX10,(AZ10-AX10),(AX10-AZ10)) -> 0 | BD10: =IF(AY10>AZ10,(AY10-AZ10),(AZ10-AY10)) -> 0 | BE10: =IF(AZ10=0,"",IF(BD10=BC10,"50%",IF(BD10>BC10,"CIEN","MMP"))) | BF10: =+Zn!AB8 -> 0 | BG10: =+Zn!AC8 -> 0 | BI10: =+Zn!AF8 -> P | BJ10: =IF(BH10=0,AVERAGE(BF10,BG10),IF(OR(AND(BF10<BG10,BF10>BH10),AND(BF10>BG10,BF10<BH10)),BF10,IF(OR(AND(BG10<BF10,BG10>BH10),AND(BG10>BF10,BG10<BH10)),BG10,BH10))) -> 0 | BK10: =IF(BH10>BF10,(BH10-BF10),(BF10-BH10)) -> 0 | BL10: =IF(BG10>BH10,(BG10-BH10),(BH10-BG10)) -> 0 | BM10: =IF(BH10=0,"",IF(BL10=BK10,"50%",IF(BL10>BK10,"CIEN","MMP"))) | BP10: COURTADE | BS10: KURSIVA
A11: =+Zn!B9 -> 0 | B11: =+Zn!D9 -> 0 | C11: =+Zn!E9 -> 0 | E11: =+Zn!H9 -> P | F11: =IF(D11=0,AVERAGE(B11,C11),IF(OR(AND(B11<C11,B11>D11),AND(B11>C11,B11<D11)),B11,IF(OR(AND(C11<B11,C11>D11),AND(C11>B11,C11<D11)),C11,D11))) -> 0 | G11: =IF(D11=0,0,IF(D11>B11,(D11-B11),(B11-D11))) -> 0 | H11: =IF(D11=0,0,IF(C11>D11,(C11-D11),(D11-C11))) -> 0 | I11: =IF(D11=0,"",IF(H11=G11,"50%",IF(H11>G11,"CIEN","MMP"))) | J11: =+Zn!J9 -> 0 | K11: =+Zn!K9 -> 0 | M11: =+Zn!N9 -> P | N11: =IF(L11=0,AVERAGE(J11,K11),IF(OR(AND(J11<K11,J11>L11),AND(J11>K11,J11<L11)),J11,IF(OR(AND(K11<J11,K11>L11),AND(K11>J11,K11<L11)),K11,L11))) -> 0 | O11: =IF(L11=0,0,IF(L11>J11,(L11-J11),(J11-L11))) -> 0 | P11: =IF(L11=0,0,IF(K11>L11,(K11-L11),(L11-K11))) -> 0 | Q11: =IF(L11=0,"",IF(P11=O11,"50%",IF(P11>O11,"CIEN","MMP"))) | R11: =+Zn!P9 -> 0 | S11: =+Zn!Q9 -> 0 | U11: =+Zn!T9 -> P | V11: =IF(T11=0,AVERAGE(R11,S11),IF(OR(AND(R11<S11,R11>T11),AND(R11>S11,R11<T11)),R11,IF(OR(AND(S11<R11,S11>T11),AND(S11>R11,S11<T11)),S11,T11))) -> 0 | W11: =IF(T11=0,0,IF(T11>R11,(T11-R11),(R11-T11))) -> 0 | X11: =IF(T11=0,0,IF(S11>T11,(S11-T11),(T11-S11))) -> 0 | Y11: =IF(T11=0,"",IF(X11=W11,"50%",IF(X11>W11,"CIEN","MMP"))) | Z11: =+Zn!AN9 -> 0 | AA11: =+Zn!AO9 -> 0 | AC11: =+Zn!AR9 -> P | AD11: =IF(AB11=0,AVERAGE(Z11,AA11),IF(OR(AND(Z11<AA11,Z11>AB11),AND(Z11>AA11,Z11<AB11)),Z11,IF(OR(AND(AA11<Z11,AA11>AB11),AND(AA11>Z11,AA11<AB11)),AA11,AB11))) -> 0 | AE11: =IF(Z11>AB11,(Z11-AB11),(AB11-Z11)) -> 0 | AF11: =IF(AA11>AB11,(AA11-AB11),(AB11-AA11)) -> 0 | AG11: =IF(AB11=0,"",IF(AF11=AE11,"50%",IF(AF11>AE11,"CIEN","MMP"))) | AH11: =+Zn!V9 -> 0 | AI11: =+Zn!W9 -> 0 | AK11: =+Zn!Z9 -> P | AL11: =IF(AJ11=0,AVERAGE(AH11,AI11),IF(OR(AND(AH11<AI11,AH11>AJ11),AND(AH11>AI11,AH11<AJ11)),AH11,IF(OR(AND(AI11<AH11,AI11>AJ11),AND(AI11>AH11,AI11<AJ11)),AI11,AJ11))) -> 0 | AM11: =IF(AJ11>AH11,(AJ11-AH11),(AH11-AJ11)) -> 0 | AN11: =IF(AI11>AJ11,(AI11-AJ11),(AJ11-AI11)) -> 0 | AO11: =IF(AJ11=0,"",IF(AN11=AM11,"50%",IF(AN11>AM11,"CIEN","MMP"))) | AP11: =+Zn!AH9 -> 0 | AQ11: =+Zn!AI9 -> 0 | AS11: =+Zn!AL9 -> P | AT11: =IF(AR11=0,AVERAGE(AP11,AQ11),IF(OR(AND(AP11<AQ11,AP11>AR11),AND(AP11>AQ11,AP11<AR11)),AP11,IF(OR(AND(AQ11<AP11,AQ11>AR11),AND(AQ11>AP11,AQ11<AR11)),AQ11,AR11))) -> 0 | AU11: =IF(AR11>AP11,(AR11-AP11),(AP11-AR11)) -> 0 | AV11: =IF(AQ11>AR11,(AQ11-AR11),(AR11-AQ11)) -> 0 | AW11: =IF(AR11=0,"",IF(AV11=AU11,"50%",IF(AV11>AU11,"CIEN","MMP"))) | AX11: =+Zn!AT9 -> 0 | AY11: =+Zn!AU9 -> 0 | BA11: =+Zn!AX9 -> P | BB11: =IF(AZ11=0,AVERAGE(AX11,AY11),IF(OR(AND(AX11<AY11,AX11>AZ11),AND(AX11>AY11,AX11<AZ11)),AX11,IF(OR(AND(AY11<AX11,AY11>AZ11),AND(AY11>AX11,AY11<AZ11)),AY11,AZ11))) -> 0 | BC11: =IF(AZ11>AX11,(AZ11-AX11),(AX11-AZ11)) -> 0 | BD11: =IF(AY11>AZ11,(AY11-AZ11),(AZ11-AY11)) -> 0 | BE11: =IF(AZ11=0,"",IF(BD11=BC11,"50%",IF(BD11>BC11,"CIEN","MMP"))) | BF11: =+Zn!AB9 -> 0 | BG11: =+Zn!AC9 -> 0 | BI11: =+Zn!AF9 -> P | BJ11: =IF(BH11=0,AVERAGE(BF11,BG11),IF(OR(AND(BF11<BG11,BF11>BH11),AND(BF11>BG11,BF11<BH11)),BF11,IF(OR(AND(BG11<BF11,BG11>BH11),AND(BG11>BF11,BG11<BH11)),BG11,BH11))) -> 0 | BK11: =IF(BH11>BF11,(BH11-BF11),(BF11-BH11)) -> 0 | BL11: =IF(BG11>BH11,(BG11-BH11),(BH11-BG11)) -> 0 | BM11: =IF(BH11=0,"",IF(BL11=BK11,"50%",IF(BL11>BK11,"CIEN","MMP")))
A12: =+Zn!B10 -> #REF! | B12: =+Zn!D10 -> 0 | C12: =+Zn!E10 -> #REF! | E12: =+Zn!H10 -> #REF! | F12: =IF(D12=0,AVERAGE(B12,C12),IF(OR(AND(B12<C12,B12>D12),AND(B12>C12,B12<D12)),B12,IF(OR(AND(C12<B12,C12>D12),AND(C12>B12,C12<D12)),C12,D12))) -> #REF! | G12: =IF(D12=0,0,IF(D12>B12,(D12-B12),(B12-D12))) -> 0 | H12: =IF(D12=0,0,IF(C12>D12,(C12-D12),(D12-C12))) -> 0 | I12: =IF(D12=0,"",IF(H12=G12,"50%",IF(H12>G12,"CIEN","MMP"))) | J12: =+Zn!J10 -> 0 | K12: =+Zn!K10 -> #REF! | M12: =+Zn!N10 -> #REF! | N12: =IF(L12=0,AVERAGE(J12,K12),IF(OR(AND(J12<K12,J12>L12),AND(J12>K12,J12<L12)),J12,IF(OR(AND(K12<J12,K12>L12),AND(K12>J12,K12<L12)),K12,L12))) -> #REF! | O12: =IF(L12=0,0,IF(L12>J12,(L12-J12),(J12-L12))) -> 0 | P12: =IF(L12=0,0,IF(K12>L12,(K12-L12),(L12-K12))) -> 0 | Q12: =IF(L12=0,"",IF(P12=O12,"50%",IF(P12>O12,"CIEN","MMP"))) | R12: =+Zn!P10 -> 0 | S12: =+Zn!Q10 -> #REF! | U12: =+Zn!T10 -> #REF! | V12: =IF(T12=0,AVERAGE(R12,S12),IF(OR(AND(R12<S12,R12>T12),AND(R12>S12,R12<T12)),R12,IF(OR(AND(S12<R12,S12>T12),AND(S12>R12,S12<T12)),S12,T12))) -> #REF! | W12: =IF(T12=0,0,IF(T12>R12,(T12-R12),(R12-T12))) -> 0 | X12: =IF(T12=0,0,IF(S12>T12,(S12-T12),(T12-S12))) -> 0 | Y12: =IF(T12=0,"",IF(X12=W12,"50%",IF(X12>W12,"CIEN","MMP"))) | Z12: =+Zn!AN10 -> 0 | AA12: =+Zn!AO10 -> #REF! | AC12: =+Zn!AR10 -> #REF! | AD12: =IF(AB12=0,AVERAGE(Z12,AA12),IF(OR(AND(Z12<AA12,Z12>AB12),AND(Z12>AA12,Z12<AB12)),Z12,IF(OR(AND(AA12<Z12,AA12>AB12),AND(AA12>Z12,AA12<AB12)),AA12,AB12))) -> #REF! | AE12: =IF(Z12>AB12,(Z12-AB12),(AB12-Z12)) -> 0 | AF12: =IF(AA12>AB12,(AA12-AB12),(AB12-AA12)) -> #REF! | AG12: =IF(AB12=0,"",IF(AF12=AE12,"50%",IF(AF12>AE12,"CIEN","MMP"))) | AH12: =+Zn!V10 -> 0 | AI12: =+Zn!W10 -> #REF! | AK12: =+Zn!Z10 -> #REF! | AL12: =IF(AJ12=0,AVERAGE(AH12,AI12),IF(OR(AND(AH12<AI12,AH12>AJ12),AND(AH12>AI12,AH12<AJ12)),AH12,IF(OR(AND(AI12<AH12,AI12>AJ12),AND(AI12>AH12,AI12<AJ12)),AI12,AJ12))) -> #REF! | AM12: =IF(AJ12>AH12,(AJ12-AH12),(AH12-AJ12)) -> 0 | AN12: =IF(AI12>AJ12,(AI12-AJ12),(AJ12-AI12)) -> #REF! | AO12: =IF(AJ12=0,"",IF(AN12=AM12,"50%",IF(AN12>AM12,"CIEN","MMP"))) | AP12: =+Zn!AH10 -> 0 | AQ12: =+Zn!AI10 -> #REF! | AS12: =+Zn!AL10 -> #REF! | AT12: =IF(AR12=0,AVERAGE(AP12,AQ12),IF(OR(AND(AP12<AQ12,AP12>AR12),AND(AP12>AQ12,AP12<AR12)),AP12,IF(OR(AND(AQ12<AP12,AQ12>AR12),AND(AQ12>AP12,AQ12<AR12)),AQ12,AR12))) -> #REF! | AU12: =IF(AR12>AP12,(AR12-AP12),(AP12-AR12)) -> 0 | AV12: =IF(AQ12>AR12,(AQ12-AR12),(AR12-AQ12)) -> #REF! | AW12: =IF(AR12=0,"",IF(AV12=AU12,"50%",IF(AV12>AU12,"CIEN","MMP"))) | AX12: =+Zn!AT10 -> 0 | AY12: =+Zn!AU10 -> #REF! | BA12: =+Zn!AX10 -> #REF! | BB12: =IF(AZ12=0,AVERAGE(AX12,AY12),IF(OR(AND(AX12<AY12,AX12>AZ12),AND(AX12>AY12,AX12<AZ12)),AX12,IF(OR(AND(AY12<AX12,AY12>AZ12),AND(AY12>AX12,AY12<AZ12)),AY12,AZ12))) -> #REF! | BC12: =IF(AZ12>AX12,(AZ12-AX12),(AX12-AZ12)) -> 0 | BD12: =IF(AY12>AZ12,(AY12-AZ12),(AZ12-AY12)) -> #REF! | BE12: =IF(AZ12=0,"",IF(BD12=BC12,"50%",IF(BD12>BC12,"CIEN","MMP"))) | BF12: =+Zn!AB10 -> 0 | BG12: =+Zn!AC10 -> #REF! | BI12: =+Zn!AF10 -> #REF! | BJ12: =IF(BH12=0,AVERAGE(BF12,BG12),IF(OR(AND(BF12<BG12,BF12>BH12),AND(BF12>BG12,BF12<BH12)),BF12,IF(OR(AND(BG12<BF12,BG12>BH12),AND(BG12>BF12,BG12<BH12)),BG12,BH12))) -> #REF! | BK12: =IF(BH12>BF12,(BH12-BF12),(BF12-BH12)) -> 0 | BL12: =IF(BG12>BH12,(BG12-BH12),(BH12-BG12)) -> #REF! | BM12: =IF(BH12=0,"",IF(BL12=BK12,"50%",IF(BL12>BK12,"CIEN","MMP")))
A13: =+Zn!B11 -> 0 | B13: =+Zn!D11 -> 0 | C13: =+Zn!E11 -> 0 | F13: =IF(D13=0,AVERAGE(B13,C13),IF(OR(AND(B13<C13,B13>D13),AND(B13>C13,B13<D13)),B13,IF(OR(AND(C13<B13,C13>D13),AND(C13>B13,C13<D13)),C13,D13))) -> 0 | G13: =IF(D13=0,0,IF(D13>B13,(D13-B13),(B13-D13))) -> 0 | H13: =IF(D13=0,0,IF(C13>D13,(C13-D13),(D13-C13))) -> 0 | I13: =IF(D13=0,"",IF(H13=G13,"50%",IF(H13>G13,"CIEN","MMP"))) | J13: =+Zn!J11 -> 0 | K13: =+Zn!K11 -> 0 | N13: =IF(L13=0,AVERAGE(J13,K13),IF(OR(AND(J13<K13,J13>L13),AND(J13>K13,J13<L13)),J13,IF(OR(AND(K13<J13,K13>L13),AND(K13>J13,K13<L13)),K13,L13))) -> 0 | O13: =IF(L13=0,0,IF(L13>J13,(L13-J13),(J13-L13))) -> 0 | P13: =IF(L13=0,0,IF(K13>L13,(K13-L13),(L13-K13))) -> 0 | Q13: =IF(L13=0,"",IF(P13=O13,"50%",IF(P13>O13,"CIEN","MMP"))) | R13: =+Zn!P11 -> 0 | S13: =+Zn!Q11 -> 0 | V13: =IF(T13=0,AVERAGE(R13,S13),IF(OR(AND(R13<S13,R13>T13),AND(R13>S13,R13<T13)),R13,IF(OR(AND(S13<R13,S13>T13),AND(S13>R13,S13<T13)),S13,T13))) -> 0 | W13: =IF(T13=0,0,IF(T13>R13,(T13-R13),(R13-T13))) -> 0 | X13: =IF(T13=0,0,IF(S13>T13,(S13-T13),(T13-S13))) -> 0 | Y13: =IF(T13=0,"",IF(X13=W13,"50%",IF(X13>W13,"CIEN","MMP"))) | Z13: =+Zn!AN11 -> 0 | AA13: =+Zn!AO11 -> 0 | AD13: =IF(AB13=0,AVERAGE(Z13,AA13),IF(OR(AND(Z13<AA13,Z13>AB13),AND(Z13>AA13,Z13<AB13)),Z13,IF(OR(AND(AA13<Z13,AA13>AB13),AND(AA13>Z13,AA13<AB13)),AA13,AB13))) -> 0 | AE13: =IF(Z13>AB13,(Z13-AB13),(AB13-Z13)) -> 0 | AF13: =IF(AA13>AB13,(AA13-AB13),(AB13-AA13)) -> 0 | AG13: =IF(AB13=0,"",IF(AF13=AE13,"50%",IF(AF13>AE13,"CIEN","MMP"))) | AH13: =+Zn!V11 -> 0 | AI13: =+Zn!W11 -> 0 | AL13: =IF(AJ13=0,AVERAGE(AH13,AI13),IF(OR(AND(AH13<AI13,AH13>AJ13),AND(AH13>AI13,AH13<AJ13)),AH13,IF(OR(AND(AI13<AH13,AI13>AJ13),AND(AI13>AH13,AI13<AJ13)),AI13,AJ13))) -> 0 | AM13: =IF(AJ13>AH13,(AJ13-AH13),(AH13-AJ13)) -> 0 | AN13: =IF(AI13>AJ13,(AI13-AJ13),(AJ13-AI13)) -> 0 | AO13: =IF(AJ13=0,"",IF(AN13=AM13,"50%",IF(AN13>AM13,"CIEN","MMP"))) | AP13: =+Zn!AH11 -> 0 | AQ13: =+Zn!AI11 -> 0 | AT13: =IF(AR13=0,AVERAGE(AP13,AQ13),IF(OR(AND(AP13<AQ13,AP13>AR13),AND(AP13>AQ13,AP13<AR13)),AP13,IF(OR(AND(AQ13<AP13,AQ13>AR13),AND(AQ13>AP13,AQ13<AR13)),AQ13,AR13))) -> 0 | AU13: =IF(AR13>AP13,(AR13-AP13),(AP13-AR13)) -> 0 | AV13: =IF(AQ13>AR13,(AQ13-AR13),(AR13-AQ13)) -> 0 | AW13: =IF(AR13=0,"",IF(AV13=AU13,"50%",IF(AV13>AU13,"CIEN","MMP"))) | AX13: =+Zn!AT11 -> 0 | AY13: =+Zn!AU11 -> 0 | BB13: =IF(AZ13=0,AVERAGE(AX13,AY13),IF(OR(AND(AX13<AY13,AX13>AZ13),AND(AX13>AY13,AX13<AZ13)),AX13,IF(OR(AND(AY13<AX13,AY13>AZ13),AND(AY13>AX13,AY13<AZ13)),AY13,AZ13))) -> 0 | BC13: =IF(AZ13>AX13,(AZ13-AX13),(AX13-AZ13)) -> 0 | BD13: =IF(AY13>AZ13,(AY13-AZ13),(AZ13-AY13)) -> 0 | BE13: =IF(AZ13=0,"",IF(BD13=BC13,"50%",IF(BD13>BC13,"CIEN","MMP"))) | BF13: =+Zn!AB11 -> 0 | BG13: =+Zn!AC11 -> 0 | BJ13: =IF(BH13=0,AVERAGE(BF13,BG13),IF(OR(AND(BF13<BG13,BF13>BH13),AND(BF13>BG13,BF13<BH13)),BF13,IF(OR(AND(BG13<BF13,BG13>BH13),AND(BG13>BF13,BG13<BH13)),BG13,BH13))) -> 0 | BK13: =IF(BH13>BF13,(BH13-BF13),(BF13-BH13)) -> 0 | BL13: =IF(BG13>BH13,(BG13-BH13),(BH13-BG13)) -> 0 | BM13: =IF(BH13=0,"",IF(BL13=BK13,"50%",IF(BL13>BK13,"CIEN","MMP")))
A27: =+Zn!B25 -> 0 | B27: =+Zn!D25 -> 0 | C27: =+Zn!E25 -> 0 | F27: =IF(D27=0,AVERAGE(B27,C27),IF(OR(AND(B27<C27,B27>D27),AND(B27>C27,B27<D27)),B27,IF(OR(AND(C27<B27,C27>D27),AND(C27>B27,C27<D27)),C27,D27))) -> 0 | G27: =IF(D27=0,0,IF(D27>B27,(D27-B27),(B27-D27))) -> 0 | H27: =IF(D27=0,0,IF(C27>D27,(C27-D27),(D27-C27))) -> 0 | I27: =IF(D27=0,"",IF(H27=G27,"50%",IF(H27>G27,"CIEN","MMP"))) | J27: =+Zn!J25 -> 0 | K27: =+Zn!K25 -> 0 | N27: =IF(L27=0,AVERAGE(J27,K27),IF(OR(AND(J27<K27,J27>L27),AND(J27>K27,J27<L27)),J27,IF(OR(AND(K27<J27,K27>L27),AND(K27>J27,K27<L27)),K27,L27))) -> 0 | O27: =IF(L27=0,0,IF(L27>J27,(L27-J27),(J27-L27))) -> 0 | P27: =IF(L27=0,0,IF(K27>L27,(K27-L27),(L27-K27))) -> 0 | Q27: =IF(L27=0,"",IF(P27=O27,"50%",IF(P27>O27,"CIEN","MMP"))) | R27: =+Zn!P25 -> 0 | S27: =+Zn!Q25 -> 0 | V27: =IF(T27=0,AVERAGE(R27,S27),IF(OR(AND(R27<S27,R27>T27),AND(R27>S27,R27<T27)),R27,IF(OR(AND(S27<R27,S27>T27),AND(S27>R27,S27<T27)),S27,T27))) -> 0 | W27: =IF(T27=0,0,IF(T27>R27,(T27-R27),(R27-T27))) -> 0 | X27: =IF(T27=0,0,IF(S27>T27,(S27-T27),(T27-S27))) -> 0 | Y27: =IF(T27=0,"",IF(X27=W27,"50%",IF(X27>W27,"CIEN","MMP"))) | Z27: =+Zn!AN25 -> 0 | AA27: =+Zn!AO25 -> 0 | AD27: =IF(AB27=0,AVERAGE(Z27,AA27),IF(OR(AND(Z27<AA27,Z27>AB27),AND(Z27>AA27,Z27<AB27)),Z27,IF(OR(AND(AA27<Z27,AA27>AB27),AND(AA27>Z27,AA27<AB27)),AA27,AB27))) -> 0 | AE27: =IF(Z27>AB27,(Z27-AB27),(AB27-Z27)) -> 0 | AF27: =IF(AA27>AB27,(AA27-AB27),(AB27-AA27)) -> 0 | AG27: =IF(AB27=0,"",IF(AF27=AE27,"50%",IF(AF27>AE27,"CIEN","MMP"))) | AH27: =+Zn!V25 -> 0 | AI27: =+Zn!W25 -> 0 | AL27: =IF(AJ27=0,AVERAGE(AH27,AI27),IF(OR(AND(AH27<AI27,AH27>AJ27),AND(AH27>AI27,AH27<AJ27)),AH27,IF(OR(AND(AI27<AH27,AI27>AJ27),AND(AI27>AH27,AI27<AJ27)),AI27,AJ27))) -> 0 | AM27: =IF(AJ27>AH27,(AJ27-AH27),(AH27-AJ27)) -> 0 | AN27: =IF(AI27>AJ27,(AI27-AJ27),(AJ27-AI27)) -> 0 | AO27: =IF(AJ27=0,"",IF(AN27=AM27,"50%",IF(AN27>AM27,"CIEN","MMP"))) | AP27: =+Zn!AH25 -> 0 | AQ27: =+Zn!AI25 -> 0 | AT27: =IF(AR27=0,AVERAGE(AP27,AQ27),IF(OR(AND(AP27<AQ27,AP27>AR27),AND(AP27>AQ27,AP27<AR27)),AP27,IF(OR(AND(AQ27<AP27,AQ27>AR27),AND(AQ27>AP27,AQ27<AR27)),AQ27,AR27))) -> 0 | AU27: =IF(AR27>AP27,(AR27-AP27),(AP27-AR27)) -> 0 | AV27: =IF(AQ27>AR27,(AQ27-AR27),(AR27-AQ27)) -> 0 | AW27: =IF(AR27=0,"",IF(AV27=AU27,"50%",IF(AV27>AU27,"CIEN","MMP"))) | AX27: =+Zn!AT25 -> 0 | AY27: =+Zn!AU25 -> 0 | BB27: =IF(AZ27=0,AVERAGE(AX27,AY27),IF(OR(AND(AX27<AY27,AX27>AZ27),AND(AX27>AY27,AX27<AZ27)),AX27,IF(OR(AND(AY27<AX27,AY27>AZ27),AND(AY27>AX27,AY27<AZ27)),AY27,AZ27))) -> 0 | BC27: =IF(AZ27>AX27,(AZ27-AX27),(AX27-AZ27)) -> 0 | BD27: =IF(AY27>AZ27,(AY27-AZ27),(AZ27-AY27)) -> 0 | BE27: =IF(AZ27=0,"",IF(BD27=BC27,"50%",IF(BD27>BC27,"CIEN","MMP"))) | BF27: =+Zn!AB25 -> 0 | BG27: =+Zn!AC25 -> 0 | BJ27: =IF(BH27=0,AVERAGE(BF27,BG27),IF(OR(AND(BF27<BG27,BF27>BH27),AND(BF27>BG27,BF27<BH27)),BF27,IF(OR(AND(BG27<BF27,BG27>BH27),AND(BG27>BF27,BG27<BH27)),BG27,BH27))) -> 0 | BK27: =IF(BH27>BF27,(BH27-BF27),(BF27-BH27)) -> 0 | BL27: =IF(BG27>BH27,(BG27-BH27),(BH27-BG27)) -> 0 | BM27: =IF(BH27=0,"",IF(BL27=BK27,"50%",IF(BL27>BK27,"CIEN","MMP")))
A28: =+Zn!B26 -> 0 | B28: =+Zn!D26 -> 0 | C28: =+Zn!E26 -> 0 | F28: =IF(D28=0,AVERAGE(B28,C28),IF(OR(AND(B28<C28,B28>D28),AND(B28>C28,B28<D28)),B28,IF(OR(AND(C28<B28,C28>D28),AND(C28>B28,C28<D28)),C28,D28))) -> 0 | G28: =IF(D28=0,0,IF(D28>B28,(D28-B28),(B28-D28))) -> 0 | H28: =IF(D28=0,0,IF(C28>D28,(C28-D28),(D28-C28))) -> 0 | I28: =IF(D28=0,"",IF(H28=G28,"50%",IF(H28>G28,"CIEN","MMP"))) | J28: =+Zn!J26 -> 0 | K28: =+Zn!K26 -> 0 | N28: =IF(L28=0,AVERAGE(J28,K28),IF(OR(AND(J28<K28,J28>L28),AND(J28>K28,J28<L28)),J28,IF(OR(AND(K28<J28,K28>L28),AND(K28>J28,K28<L28)),K28,L28))) -> 0 | O28: =IF(L28=0,0,IF(L28>J28,(L28-J28),(J28-L28))) -> 0 | P28: =IF(L28=0,0,IF(K28>L28,(K28-L28),(L28-K28))) -> 0 | Q28: =IF(L28=0,"",IF(P28=O28,"50%",IF(P28>O28,"CIEN","MMP"))) | R28: =+Zn!P26 -> 0 | S28: =+Zn!Q26 -> 0 | V28: =IF(T28=0,AVERAGE(R28,S28),IF(OR(AND(R28<S28,R28>T28),AND(R28>S28,R28<T28)),R28,IF(OR(AND(S28<R28,S28>T28),AND(S28>R28,S28<T28)),S28,T28))) -> 0 | W28: =IF(T28=0,0,IF(T28>R28,(T28-R28),(R28-T28))) -> 0 | X28: =IF(T28=0,0,IF(S28>T28,(S28-T28),(T28-S28))) -> 0 | Y28: =IF(T28=0,"",IF(X28=W28,"50%",IF(X28>W28,"CIEN","MMP"))) | Z28: =+Zn!AN26 -> 0 | AA28: =+Zn!AO26 -> 0 | AD28: =IF(AB28=0,AVERAGE(Z28,AA28),IF(OR(AND(Z28<AA28,Z28>AB28),AND(Z28>AA28,Z28<AB28)),Z28,IF(OR(AND(AA28<Z28,AA28>AB28),AND(AA28>Z28,AA28<AB28)),AA28,AB28))) -> 0 | AE28: =IF(Z28>AB28,(Z28-AB28),(AB28-Z28)) -> 0 | AF28: =IF(AA28>AB28,(AA28-AB28),(AB28-AA28)) -> 0 | AG28: =IF(AB28=0,"",IF(AF28=AE28,"50%",IF(AF28>AE28,"CIEN","MMP"))) | AH28: =+Zn!V26 -> 0 | AI28: =+Zn!W26 -> 0 | AL28: =IF(AJ28=0,AVERAGE(AH28,AI28),IF(OR(AND(AH28<AI28,AH28>AJ28),AND(AH28>AI28,AH28<AJ28)),AH28,IF(OR(AND(AI28<AH28,AI28>AJ28),AND(AI28>AH28,AI28<AJ28)),AI28,AJ28))) -> 0 | AM28: =IF(AJ28>AH28,(AJ28-AH28),(AH28-AJ28)) -> 0 | AN28: =IF(AI28>AJ28,(AI28-AJ28),(AJ28-AI28)) -> 0 | AO28: =IF(AJ28=0,"",IF(AN28=AM28,"50%",IF(AN28>AM28,"CIEN","MMP"))) | AP28: =+Zn!AH26 -> 0 | AQ28: =+Zn!AI26 -> 0 | AT28: =IF(AR28=0,AVERAGE(AP28,AQ28),IF(OR(AND(AP28<AQ28,AP28>AR28),AND(AP28>AQ28,AP28<AR28)),AP28,IF(OR(AND(AQ28<AP28,AQ28>AR28),AND(AQ28>AP28,AQ28<AR28)),AQ28,AR28))) -> 0 | AU28: =IF(AR28>AP28,(AR28-AP28),(AP28-AR28)) -> 0 | AV28: =IF(AQ28>AR28,(AQ28-AR28),(AR28-AQ28)) -> 0 | AW28: =IF(AR28=0,"",IF(AV28=AU28,"50%",IF(AV28>AU28,"CIEN","MMP"))) | AX28: =+Zn!AT26 -> 0 | AY28: =+Zn!AU26 -> 0 | BB28: =IF(AZ28=0,AVERAGE(AX28,AY28),IF(OR(AND(AX28<AY28,AX28>AZ28),AND(AX28>AY28,AX28<AZ28)),AX28,IF(OR(AND(AY28<AX28,AY28>AZ28),AND(AY28>AX28,AY28<AZ28)),AY28,AZ28))) -> 0 | BC28: =IF(AZ28>AX28,(AZ28-AX28),(AX28-AZ28)) -> 0 | BD28: =IF(AY28>AZ28,(AY28-AZ28),(AZ28-AY28)) -> 0 | BE28: =IF(AZ28=0,"",IF(BD28=BC28,"50%",IF(BD28>BC28,"CIEN","MMP"))) | BF28: =+Zn!AB26 -> 0 | BG28: =+Zn!AC26 -> 0 | BJ28: =IF(BH28=0,AVERAGE(BF28,BG28),IF(OR(AND(BF28<BG28,BF28>BH28),AND(BF28>BG28,BF28<BH28)),BF28,IF(OR(AND(BG28<BF28,BG28>BH28),AND(BG28>BF28,BG28<BH28)),BG28,BH28))) -> 0 | BK28: =IF(BH28>BF28,(BH28-BF28),(BF28-BH28)) -> 0 | BL28: =IF(BG28>BH28,(BG28-BH28),(BH28-BG28)) -> 0 | BM28: =IF(BH28=0,"",IF(BL28=BK28,"50%",IF(BL28>BK28,"CIEN","MMP")))
A29: =+Zn!B27 -> 0 | B29: =+Zn!D27 -> 0 | C29: =+Zn!E27 -> 0 | F29: =IF(D29=0,AVERAGE(B29,C29),IF(OR(AND(B29<C29,B29>D29),AND(B29>C29,B29<D29)),B29,IF(OR(AND(C29<B29,C29>D29),AND(C29>B29,C29<D29)),C29,D29))) -> 0 | G29: =IF(D29=0,0,IF(D29>B29,(D29-B29),(B29-D29))) -> 0 | H29: =IF(D29=0,0,IF(C29>D29,(C29-D29),(D29-C29))) -> 0 | I29: =IF(D29=0,"",IF(H29=G29,"50%",IF(H29>G29,"CIEN","MMP"))) | J29: =+Zn!J27 -> 0 | K29: =+Zn!K27 -> 0 | N29: =IF(L29=0,AVERAGE(J29,K29),IF(OR(AND(J29<K29,J29>L29),AND(J29>K29,J29<L29)),J29,IF(OR(AND(K29<J29,K29>L29),AND(K29>J29,K29<L29)),K29,L29))) -> 0 | O29: =IF(L29=0,0,IF(L29>J29,(L29-J29),(J29-L29))) -> 0 | P29: =IF(L29=0,0,IF(K29>L29,(K29-L29),(L29-K29))) -> 0 | Q29: =IF(L29=0,"",IF(P29=O29,"50%",IF(P29>O29,"CIEN","MMP"))) | R29: =+Zn!P27 -> 0 | S29: =+Zn!Q27 -> 0 | V29: =IF(T29=0,AVERAGE(R29,S29),IF(OR(AND(R29<S29,R29>T29),AND(R29>S29,R29<T29)),R29,IF(OR(AND(S29<R29,S29>T29),AND(S29>R29,S29<T29)),S29,T29))) -> 0 | W29: =IF(T29=0,0,IF(T29>R29,(T29-R29),(R29-T29))) -> 0 | X29: =IF(T29=0,0,IF(S29>T29,(S29-T29),(T29-S29))) -> 0 | Y29: =IF(T29=0,"",IF(X29=W29,"50%",IF(X29>W29,"CIEN","MMP"))) | Z29: =+Zn!AN27 -> 0 | AA29: =+Zn!AO27 -> 0 | AD29: =IF(AB29=0,AVERAGE(Z29,AA29),IF(OR(AND(Z29<AA29,Z29>AB29),AND(Z29>AA29,Z29<AB29)),Z29,IF(OR(AND(AA29<Z29,AA29>AB29),AND(AA29>Z29,AA29<AB29)),AA29,AB29))) -> 0 | AE29: =IF(Z29>AB29,(Z29-AB29),(AB29-Z29)) -> 0 | AF29: =IF(AA29>AB29,(AA29-AB29),(AB29-AA29)) -> 0 | AG29: =IF(AB29=0,"",IF(AF29=AE29,"50%",IF(AF29>AE29,"CIEN","MMP"))) | AH29: =+Zn!V27 -> 0 | AI29: =+Zn!W27 -> 0 | AL29: =IF(AJ29=0,AVERAGE(AH29,AI29),IF(OR(AND(AH29<AI29,AH29>AJ29),AND(AH29>AI29,AH29<AJ29)),AH29,IF(OR(AND(AI29<AH29,AI29>AJ29),AND(AI29>AH29,AI29<AJ29)),AI29,AJ29))) -> 0 | AM29: =IF(AJ29>AH29,(AJ29-AH29),(AH29-AJ29)) -> 0 | AN29: =IF(AI29>AJ29,(AI29-AJ29),(AJ29-AI29)) -> 0 | AO29: =IF(AJ29=0,"",IF(AN29=AM29,"50%",IF(AN29>AM29,"CIEN","MMP"))) | AP29: =+Zn!AH27 -> 0 | AQ29: =+Zn!AI27 -> 0 | AT29: =IF(AR29=0,AVERAGE(AP29,AQ29),IF(OR(AND(AP29<AQ29,AP29>AR29),AND(AP29>AQ29,AP29<AR29)),AP29,IF(OR(AND(AQ29<AP29,AQ29>AR29),AND(AQ29>AP29,AQ29<AR29)),AQ29,AR29))) -> 0 | AU29: =IF(AR29>AP29,(AR29-AP29),(AP29-AR29)) -> 0 | AV29: =IF(AQ29>AR29,(AQ29-AR29),(AR29-AQ29)) -> 0 | AW29: =IF(AR29=0,"",IF(AV29=AU29,"50%",IF(AV29>AU29,"CIEN","MMP"))) | AX29: =+Zn!AT27 -> 0 | AY29: =+Zn!AU27 -> 0 | BB29: =IF(AZ29=0,AVERAGE(AX29,AY29),IF(OR(AND(AX29<AY29,AX29>AZ29),AND(AX29>AY29,AX29<AZ29)),AX29,IF(OR(AND(AY29<AX29,AY29>AZ29),AND(AY29>AX29,AY29<AZ29)),AY29,AZ29))) -> 0 | BC29: =IF(AZ29>AX29,(AZ29-AX29),(AX29-AZ29)) -> 0 | BD29: =IF(AY29>AZ29,(AY29-AZ29),(AZ29-AY29)) -> 0 | BE29: =IF(AZ29=0,"",IF(BD29=BC29,"50%",IF(BD29>BC29,"CIEN","MMP"))) | BF29: =+Zn!AB27 -> 0 | BG29: =+Zn!AC27 -> 0 | BJ29: =IF(BH29=0,AVERAGE(BF29,BG29),IF(OR(AND(BF29<BG29,BF29>BH29),AND(BF29>BG29,BF29<BH29)),BF29,IF(OR(AND(BG29<BF29,BG29>BH29),AND(BG29>BF29,BG29<BH29)),BG29,BH29))) -> 0 | BK29: =IF(BH29>BF29,(BH29-BF29),(BF29-BH29)) -> 0 | BL29: =IF(BG29>BH29,(BG29-BH29),(BH29-BG29)) -> 0 | BM29: =IF(BH29=0,"",IF(BL29=BK29,"50%",IF(BL29>BK29,"CIEN","MMP")))
A30: =+Zn!B28 -> 0 | B30: =+Zn!D28 -> 0 | C30: =+Zn!E28 -> 0 | F30: =IF(D30=0,AVERAGE(B30,C30),IF(OR(AND(B30<C30,B30>D30),AND(B30>C30,B30<D30)),B30,IF(OR(AND(C30<B30,C30>D30),AND(C30>B30,C30<D30)),C30,D30))) -> 0 | G30: =IF(D30=0,0,IF(D30>B30,(D30-B30),(B30-D30))) -> 0 | H30: =IF(D30=0,0,IF(C30>D30,(C30-D30),(D30-C30))) -> 0 | I30: =IF(D30=0,"",IF(H30=G30,"50%",IF(H30>G30,"CIEN","MMP"))) | J30: =+Zn!J28 -> 0 | K30: =+Zn!K28 -> 0 | N30: =IF(L30=0,AVERAGE(J30,K30),IF(OR(AND(J30<K30,J30>L30),AND(J30>K30,J30<L30)),J30,IF(OR(AND(K30<J30,K30>L30),AND(K30>J30,K30<L30)),K30,L30))) -> 0 | O30: =IF(L30=0,0,IF(L30>J30,(L30-J30),(J30-L30))) -> 0 | P30: =IF(L30=0,0,IF(K30>L30,(K30-L30),(L30-K30))) -> 0 | Q30: =IF(L30=0,"",IF(P30=O30,"50%",IF(P30>O30,"CIEN","MMP"))) | R30: =+Zn!P28 -> 0 | S30: =+Zn!Q28 -> 0 | V30: =IF(T30=0,AVERAGE(R30,S30),IF(OR(AND(R30<S30,R30>T30),AND(R30>S30,R30<T30)),R30,IF(OR(AND(S30<R30,S30>T30),AND(S30>R30,S30<T30)),S30,T30))) -> 0 | W30: =IF(T30=0,0,IF(T30>R30,(T30-R30),(R30-T30))) -> 0 | X30: =IF(T30=0,0,IF(S30>T30,(S30-T30),(T30-S30))) -> 0 | Y30: =IF(T30=0,"",IF(X30=W30,"50%",IF(X30>W30,"CIEN","MMP"))) | Z30: =+Zn!AN28 -> 0 | AA30: =+Zn!AO28 -> 0 | AD30: =IF(AB30=0,AVERAGE(Z30,AA30),IF(OR(AND(Z30<AA30,Z30>AB30),AND(Z30>AA30,Z30<AB30)),Z30,IF(OR(AND(AA30<Z30,AA30>AB30),AND(AA30>Z30,AA30<AB30)),AA30,AB30))) -> 0 | AE30: =IF(Z30>AB30,(Z30-AB30),(AB30-Z30)) -> 0 | AF30: =IF(AA30>AB30,(AA30-AB30),(AB30-AA30)) -> 0 | AG30: =IF(AB30=0,"",IF(AF30=AE30,"50%",IF(AF30>AE30,"CIEN","MMP"))) | AH30: =+Zn!V28 -> 0 | AI30: =+Zn!W28 -> 0 | AL30: =IF(AJ30=0,AVERAGE(AH30,AI30),IF(OR(AND(AH30<AI30,AH30>AJ30),AND(AH30>AI30,AH30<AJ30)),AH30,IF(OR(AND(AI30<AH30,AI30>AJ30),AND(AI30>AH30,AI30<AJ30)),AI30,AJ30))) -> 0 | AM30: =IF(AJ30>AH30,(AJ30-AH30),(AH30-AJ30)) -> 0 | AN30: =IF(AI30>AJ30,(AI30-AJ30),(AJ30-AI30)) -> 0 | AO30: =IF(AJ30=0,"",IF(AN30=AM30,"50%",IF(AN30>AM30,"CIEN","MMP"))) | AP30: =+Zn!AH28 -> 0 | AQ30: =+Zn!AI28 -> 0 | AT30: =IF(AR30=0,AVERAGE(AP30,AQ30),IF(OR(AND(AP30<AQ30,AP30>AR30),AND(AP30>AQ30,AP30<AR30)),AP30,IF(OR(AND(AQ30<AP30,AQ30>AR30),AND(AQ30>AP30,AQ30<AR30)),AQ30,AR30))) -> 0 | AU30: =IF(AR30>AP30,(AR30-AP30),(AP30-AR30)) -> 0 | AV30: =IF(AQ30>AR30,(AQ30-AR30),(AR30-AQ30)) -> 0 | AW30: =IF(AR30=0,"",IF(AV30=AU30,"50%",IF(AV30>AU30,"CIEN","MMP"))) | AX30: =+Zn!AT28 -> 0 | AY30: =+Zn!AU28 -> 0 | BB30: =IF(AZ30=0,AVERAGE(AX30,AY30),IF(OR(AND(AX30<AY30,AX30>AZ30),AND(AX30>AY30,AX30<AZ30)),AX30,IF(OR(AND(AY30<AX30,AY30>AZ30),AND(AY30>AX30,AY30<AZ30)),AY30,AZ30))) -> 0 | BC30: =IF(AZ30>AX30,(AZ30-AX30),(AX30-AZ30)) -> 0 | BD30: =IF(AY30>AZ30,(AY30-AZ30),(AZ30-AY30)) -> 0 | BE30: =IF(AZ30=0,"",IF(BD30=BC30,"50%",IF(BD30>BC30,"CIEN","MMP"))) | BF30: =+Zn!AB28 -> 0 | BG30: =+Zn!AC28 -> 0 | BJ30: =IF(BH30=0,AVERAGE(BF30,BG30),IF(OR(AND(BF30<BG30,BF30>BH30),AND(BF30>BG30,BF30<BH30)),BF30,IF(OR(AND(BG30<BF30,BG30>BH30),AND(BG30>BF30,BG30<BH30)),BG30,BH30))) -> 0 | BK30: =IF(BH30>BF30,(BH30-BF30),(BF30-BH30)) -> 0 | BL30: =IF(BG30>BH30,(BG30-BH30),(BH30-BG30)) -> 0 | BM30: =IF(BH30=0,"",IF(BL30=BK30,"50%",IF(BL30>BK30,"CIEN","MMP")))
A31: =+Zn!B29 -> 0 | B31: =+Zn!D29 -> 0 | C31: =+Zn!E29 -> 0 | F31: =IF(D31=0,AVERAGE(B31,C31),IF(OR(AND(B31<C31,B31>D31),AND(B31>C31,B31<D31)),B31,IF(OR(AND(C31<B31,C31>D31),AND(C31>B31,C31<D31)),C31,D31))) -> 0 | G31: =IF(D31=0,0,IF(D31>B31,(D31-B31),(B31-D31))) -> 0 | H31: =IF(D31=0,0,IF(C31>D31,(C31-D31),(D31-C31))) -> 0 | I31: =IF(D31=0,"",IF(H31=G31,"50%",IF(H31>G31,"CIEN","MMP"))) | J31: =+Zn!J29 -> 0 | K31: =+Zn!K29 -> 0 | N31: =IF(L31=0,AVERAGE(J31,K31),IF(OR(AND(J31<K31,J31>L31),AND(J31>K31,J31<L31)),J31,IF(OR(AND(K31<J31,K31>L31),AND(K31>J31,K31<L31)),K31,L31))) -> 0 | O31: =IF(L31=0,0,IF(L31>J31,(L31-J31),(J31-L31))) -> 0 | P31: =IF(L31=0,0,IF(K31>L31,(K31-L31),(L31-K31))) -> 0 | Q31: =IF(L31=0,"",IF(P31=O31,"50%",IF(P31>O31,"CIEN","MMP"))) | R31: =+Zn!P29 -> 0 | S31: =+Zn!Q29 -> 0 | V31: =IF(T31=0,AVERAGE(R31,S31),IF(OR(AND(R31<S31,R31>T31),AND(R31>S31,R31<T31)),R31,IF(OR(AND(S31<R31,S31>T31),AND(S31>R31,S31<T31)),S31,T31))) -> 0 | W31: =IF(T31=0,0,IF(T31>R31,(T31-R31),(R31-T31))) -> 0 | X31: =IF(T31=0,0,IF(S31>T31,(S31-T31),(T31-S31))) -> 0 | Y31: =IF(T31=0,"",IF(X31=W31,"50%",IF(X31>W31,"CIEN","MMP"))) | Z31: =+Zn!AN29 -> 0 | AA31: =+Zn!AO29 -> 0 | AD31: =IF(AB31=0,AVERAGE(Z31,AA31),IF(OR(AND(Z31<AA31,Z31>AB31),AND(Z31>AA31,Z31<AB31)),Z31,IF(OR(AND(AA31<Z31,AA31>AB31),AND(AA31>Z31,AA31<AB31)),AA31,AB31))) -> 0 | AE31: =IF(Z31>AB31,(Z31-AB31),(AB31-Z31)) -> 0 | AF31: =IF(AA31>AB31,(AA31-AB31),(AB31-AA31)) -> 0 | AG31: =IF(AB31=0,"",IF(AF31=AE31,"50%",IF(AF31>AE31,"CIEN","MMP"))) | AH31: =+Zn!V29 -> 0 | AI31: =+Zn!W29 -> 0 | AL31: =IF(AJ31=0,AVERAGE(AH31,AI31),IF(OR(AND(AH31<AI31,AH31>AJ31),AND(AH31>AI31,AH31<AJ31)),AH31,IF(OR(AND(AI31<AH31,AI31>AJ31),AND(AI31>AH31,AI31<AJ31)),AI31,AJ31))) -> 0 | AM31: =IF(AJ31>AH31,(AJ31-AH31),(AH31-AJ31)) -> 0 | AN31: =IF(AI31>AJ31,(AI31-AJ31),(AJ31-AI31)) -> 0 | AO31: =IF(AJ31=0,"",IF(AN31=AM31,"50%",IF(AN31>AM31,"CIEN","MMP"))) | AP31: =+Zn!AH29 -> 0 | AQ31: =+Zn!AI29 -> 0 | AT31: =IF(AR31=0,AVERAGE(AP31,AQ31),IF(OR(AND(AP31<AQ31,AP31>AR31),AND(AP31>AQ31,AP31<AR31)),AP31,IF(OR(AND(AQ31<AP31,AQ31>AR31),AND(AQ31>AP31,AQ31<AR31)),AQ31,AR31))) -> 0 | AU31: =IF(AR31>AP31,(AR31-AP31),(AP31-AR31)) -> 0 | AV31: =IF(AQ31>AR31,(AQ31-AR31),(AR31-AQ31)) -> 0 | AW31: =IF(AR31=0,"",IF(AV31=AU31,"50%",IF(AV31>AU31,"CIEN","MMP"))) | AX31: =+Zn!AT29 -> 0 | AY31: =+Zn!AU29 -> 0 | BB31: =IF(AZ31=0,AVERAGE(AX31,AY31),IF(OR(AND(AX31<AY31,AX31>AZ31),AND(AX31>AY31,AX31<AZ31)),AX31,IF(OR(AND(AY31<AX31,AY31>AZ31),AND(AY31>AX31,AY31<AZ31)),AY31,AZ31))) -> 0 | BC31: =IF(AZ31>AX31,(AZ31-AX31),(AX31-AZ31)) -> 0 | BD31: =IF(AY31>AZ31,(AY31-AZ31),(AZ31-AY31)) -> 0 | BE31: =IF(AZ31=0,"",IF(BD31=BC31,"50%",IF(BD31>BC31,"CIEN","MMP"))) | BF31: =+Zn!AB29 -> 0 | BG31: =+Zn!AC29 -> 0 | BJ31: =IF(BH31=0,AVERAGE(BF31,BG31),IF(OR(AND(BF31<BG31,BF31>BH31),AND(BF31>BG31,BF31<BH31)),BF31,IF(OR(AND(BG31<BF31,BG31>BH31),AND(BG31>BF31,BG31<BH31)),BG31,BH31))) -> 0 | BK31: =IF(BH31>BF31,(BH31-BF31),(BF31-BH31)) -> 0 | BL31: =IF(BG31>BH31,(BG31-BH31),(BH31-BG31)) -> 0 | BM31: =IF(BH31=0,"",IF(BL31=BK31,"50%",IF(BL31>BK31,"CIEN","MMP")))
A32: =+Zn!B30 -> 0 | B32: =+Zn!D30 -> 0 | C32: =+Zn!E30 -> 0 | F32: =IF(D32=0,AVERAGE(B32,C32),IF(OR(AND(B32<C32,B32>D32),AND(B32>C32,B32<D32)),B32,IF(OR(AND(C32<B32,C32>D32),AND(C32>B32,C32<D32)),C32,D32))) -> 0 | G32: =IF(D32=0,0,IF(D32>B32,(D32-B32),(B32-D32))) -> 0 | H32: =IF(D32=0,0,IF(C32>D32,(C32-D32),(D32-C32))) -> 0 | I32: =IF(D32=0,"",IF(H32=G32,"50%",IF(H32>G32,"CIEN","MMP"))) | J32: =+Zn!J30 -> 0 | K32: =+Zn!K30 -> 0 | N32: =IF(L32=0,AVERAGE(J32,K32),IF(OR(AND(J32<K32,J32>L32),AND(J32>K32,J32<L32)),J32,IF(OR(AND(K32<J32,K32>L32),AND(K32>J32,K32<L32)),K32,L32))) -> 0 | O32: =IF(L32=0,0,IF(L32>J32,(L32-J32),(J32-L32))) -> 0 | P32: =IF(L32=0,0,IF(K32>L32,(K32-L32),(L32-K32))) -> 0 | Q32: =IF(L32=0,"",IF(P32=O32,"50%",IF(P32>O32,"CIEN","MMP"))) | R32: =+Zn!P30 -> 0 | S32: =+Zn!Q30 -> 0 | V32: =IF(T32=0,AVERAGE(R32,S32),IF(OR(AND(R32<S32,R32>T32),AND(R32>S32,R32<T32)),R32,IF(OR(AND(S32<R32,S32>T32),AND(S32>R32,S32<T32)),S32,T32))) -> 0 | W32: =IF(T32=0,0,IF(T32>R32,(T32-R32),(R32-T32))) -> 0 | X32: =IF(T32=0,0,IF(S32>T32,(S32-T32),(T32-S32))) -> 0 | Y32: =IF(T32=0,"",IF(X32=W32,"50%",IF(X32>W32,"CIEN","MMP"))) | Z32: =+Zn!AN30 -> 0 | AA32: =+Zn!AO30 -> 0 | AD32: =IF(AB32=0,AVERAGE(Z32,AA32),IF(OR(AND(Z32<AA32,Z32>AB32),AND(Z32>AA32,Z32<AB32)),Z32,IF(OR(AND(AA32<Z32,AA32>AB32),AND(AA32>Z32,AA32<AB32)),AA32,AB32))) -> 0 | AE32: =IF(Z32>AB32,(Z32-AB32),(AB32-Z32)) -> 0 | AF32: =IF(AA32>AB32,(AA32-AB32),(AB32-AA32)) -> 0 | AG32: =IF(AB32=0,"",IF(AF32=AE32,"50%",IF(AF32>AE32,"CIEN","MMP"))) | AH32: =+Zn!V30 -> 0 | AI32: =+Zn!W30 -> 0 | AL32: =IF(AJ32=0,AVERAGE(AH32,AI32),IF(OR(AND(AH32<AI32,AH32>AJ32),AND(AH32>AI32,AH32<AJ32)),AH32,IF(OR(AND(AI32<AH32,AI32>AJ32),AND(AI32>AH32,AI32<AJ32)),AI32,AJ32))) -> 0 | AM32: =IF(AJ32>AH32,(AJ32-AH32),(AH32-AJ32)) -> 0 | AN32: =IF(AI32>AJ32,(AI32-AJ32),(AJ32-AI32)) -> 0 | AO32: =IF(AJ32=0,"",IF(AN32=AM32,"50%",IF(AN32>AM32,"CIEN","MMP"))) | AP32: =+Zn!AH30 -> 0 | AQ32: =+Zn!AI30 -> 0 | AT32: =IF(AR32=0,AVERAGE(AP32,AQ32),IF(OR(AND(AP32<AQ32,AP32>AR32),AND(AP32>AQ32,AP32<AR32)),AP32,IF(OR(AND(AQ32<AP32,AQ32>AR32),AND(AQ32>AP32,AQ32<AR32)),AQ32,AR32))) -> 0 | AU32: =IF(AR32>AP32,(AR32-AP32),(AP32-AR32)) -> 0 | AV32: =IF(AQ32>AR32,(AQ32-AR32),(AR32-AQ32)) -> 0 | AW32: =IF(AR32=0,"",IF(AV32=AU32,"50%",IF(AV32>AU32,"CIEN","MMP"))) | AX32: =+Zn!AT30 -> 0 | AY32: =+Zn!AU30 -> 0 | BB32: =IF(AZ32=0,AVERAGE(AX32,AY32),IF(OR(AND(AX32<AY32,AX32>AZ32),AND(AX32>AY32,AX32<AZ32)),AX32,IF(OR(AND(AY32<AX32,AY32>AZ32),AND(AY32>AX32,AY32<AZ32)),AY32,AZ32))) -> 0 | BC32: =IF(AZ32>AX32,(AZ32-AX32),(AX32-AZ32)) -> 0 | BD32: =IF(AY32>AZ32,(AY32-AZ32),(AZ32-AY32)) -> 0 | BE32: =IF(AZ32=0,"",IF(BD32=BC32,"50%",IF(BD32>BC32,"CIEN","MMP"))) | BF32: =+Zn!AB30 -> 0 | BG32: =+Zn!AC30 -> 0 | BJ32: =IF(BH32=0,AVERAGE(BF32,BG32),IF(OR(AND(BF32<BG32,BF32>BH32),AND(BF32>BG32,BF32<BH32)),BF32,IF(OR(AND(BG32<BF32,BG32>BH32),AND(BG32>BF32,BG32<BH32)),BG32,BH32))) -> 0 | BK32: =IF(BH32>BF32,(BH32-BF32),(BF32-BH32)) -> 0 | BL32: =IF(BG32>BH32,(BG32-BH32),(BH32-BG32)) -> 0 | BM32: =IF(BH32=0,"",IF(BL32=BK32,"50%",IF(BL32>BK32,"CIEN","MMP")))
A33: =+Zn!B31 -> 0 | B33: =+Zn!D31 -> 0 | C33: =+Zn!E31 -> 0 | F33: =IF(D33=0,AVERAGE(B33,C33),IF(OR(AND(B33<C33,B33>D33),AND(B33>C33,B33<D33)),B33,IF(OR(AND(C33<B33,C33>D33),AND(C33>B33,C33<D33)),C33,D33))) -> 0 | G33: =IF(D33=0,0,IF(D33>B33,(D33-B33),(B33-D33))) -> 0 | H33: =IF(D33=0,0,IF(C33>D33,(C33-D33),(D33-C33))) -> 0 | I33: =IF(D33=0,"",IF(H33=G33,"50%",IF(H33>G33,"CIEN","MMP"))) | J33: =+Zn!J31 -> 0 | K33: =+Zn!K31 -> 0 | N33: =IF(L33=0,AVERAGE(J33,K33),IF(OR(AND(J33<K33,J33>L33),AND(J33>K33,J33<L33)),J33,IF(OR(AND(K33<J33,K33>L33),AND(K33>J33,K33<L33)),K33,L33))) -> 0 | O33: =IF(L33=0,0,IF(L33>J33,(L33-J33),(J33-L33))) -> 0 | P33: =IF(L33=0,0,IF(K33>L33,(K33-L33),(L33-K33))) -> 0 | Q33: =IF(L33=0,"",IF(P33=O33,"50%",IF(P33>O33,"CIEN","MMP"))) | R33: =+Zn!P31 -> 0 | S33: =+Zn!Q31 -> 0 | V33: =IF(T33=0,AVERAGE(R33,S33),IF(OR(AND(R33<S33,R33>T33),AND(R33>S33,R33<T33)),R33,IF(OR(AND(S33<R33,S33>T33),AND(S33>R33,S33<T33)),S33,T33))) -> 0 | W33: =IF(T33=0,0,IF(T33>R33,(T33-R33),(R33-T33))) -> 0 | X33: =IF(T33=0,0,IF(S33>T33,(S33-T33),(T33-S33))) -> 0 | Y33: =IF(T33=0,"",IF(X33=W33,"50%",IF(X33>W33,"CIEN","MMP"))) | Z33: =+Zn!AN31 -> 0 | AA33: =+Zn!AO31 -> 0 | AD33: =IF(AB33=0,AVERAGE(Z33,AA33),IF(OR(AND(Z33<AA33,Z33>AB33),AND(Z33>AA33,Z33<AB33)),Z33,IF(OR(AND(AA33<Z33,AA33>AB33),AND(AA33>Z33,AA33<AB33)),AA33,AB33))) -> 0 | AE33: =IF(Z33>AB33,(Z33-AB33),(AB33-Z33)) -> 0 | AF33: =IF(AA33>AB33,(AA33-AB33),(AB33-AA33)) -> 0 | AG33: =IF(AB33=0,"",IF(AF33=AE33,"50%",IF(AF33>AE33,"CIEN","MMP"))) | AH33: =+Zn!V31 -> 0 | AI33: =+Zn!W31 -> 0 | AL33: =IF(AJ33=0,AVERAGE(AH33,AI33),IF(OR(AND(AH33<AI33,AH33>AJ33),AND(AH33>AI33,AH33<AJ33)),AH33,IF(OR(AND(AI33<AH33,AI33>AJ33),AND(AI33>AH33,AI33<AJ33)),AI33,AJ33))) -> 0 | AM33: =IF(AJ33>AH33,(AJ33-AH33),(AH33-AJ33)) -> 0 | AN33: =IF(AI33>AJ33,(AI33-AJ33),(AJ33-AI33)) -> 0 | AO33: =IF(AJ33=0,"",IF(AN33=AM33,"50%",IF(AN33>AM33,"CIEN","MMP"))) | AP33: =+Zn!AH31 -> 0 | AQ33: =+Zn!AI31 -> 0 | AT33: =IF(AR33=0,AVERAGE(AP33,AQ33),IF(OR(AND(AP33<AQ33,AP33>AR33),AND(AP33>AQ33,AP33<AR33)),AP33,IF(OR(AND(AQ33<AP33,AQ33>AR33),AND(AQ33>AP33,AQ33<AR33)),AQ33,AR33))) -> 0 | AU33: =IF(AR33>AP33,(AR33-AP33),(AP33-AR33)) -> 0 | AV33: =IF(AQ33>AR33,(AQ33-AR33),(AR33-AQ33)) -> 0 | AW33: =IF(AR33=0,"",IF(AV33=AU33,"50%",IF(AV33>AU33,"CIEN","MMP"))) | AX33: =+Zn!AT31 -> 0 | AY33: =+Zn!AU31 -> 0 | BB33: =IF(AZ33=0,AVERAGE(AX33,AY33),IF(OR(AND(AX33<AY33,AX33>AZ33),AND(AX33>AY33,AX33<AZ33)),AX33,IF(OR(AND(AY33<AX33,AY33>AZ33),AND(AY33>AX33,AY33<AZ33)),AY33,AZ33))) -> 0 | BC33: =IF(AZ33>AX33,(AZ33-AX33),(AX33-AZ33)) -> 0 | BD33: =IF(AY33>AZ33,(AY33-AZ33),(AZ33-AY33)) -> 0 | BE33: =IF(AZ33=0,"",IF(BD33=BC33,"50%",IF(BD33>BC33,"CIEN","MMP"))) | BF33: =+Zn!AB31 -> 0 | BG33: =+Zn!AC31 -> 0 | BJ33: =IF(BH33=0,AVERAGE(BF33,BG33),IF(OR(AND(BF33<BG33,BF33>BH33),AND(BF33>BG33,BF33<BH33)),BF33,IF(OR(AND(BG33<BF33,BG33>BH33),AND(BG33>BF33,BG33<BH33)),BG33,BH33))) -> 0 | BK33: =IF(BH33>BF33,(BH33-BF33),(BF33-BH33)) -> 0 | BL33: =IF(BG33>BH33,(BG33-BH33),(BH33-BG33)) -> 0 | BM33: =IF(BH33=0,"",IF(BL33=BK33,"50%",IF(BL33>BK33,"CIEN","MMP")))
A34: =+Zn!B32 -> 0 | B34: =+Zn!D32 -> 0 | C34: =+Zn!E32 -> 0 | F34: =IF(D34=0,AVERAGE(B34,C34),IF(OR(AND(B34<C34,B34>D34),AND(B34>C34,B34<D34)),B34,IF(OR(AND(C34<B34,C34>D34),AND(C34>B34,C34<D34)),C34,D34))) -> 0 | G34: =IF(D34=0,0,IF(D34>B34,(D34-B34),(B34-D34))) -> 0 | H34: =IF(D34=0,0,IF(C34>D34,(C34-D34),(D34-C34))) -> 0 | I34: =IF(D34=0,"",IF(H34=G34,"50%",IF(H34>G34,"CIEN","MMP"))) | J34: =+Zn!J32 -> 0 | K34: =+Zn!K32 -> 0 | N34: =IF(L34=0,AVERAGE(J34,K34),IF(OR(AND(J34<K34,J34>L34),AND(J34>K34,J34<L34)),J34,IF(OR(AND(K34<J34,K34>L34),AND(K34>J34,K34<L34)),K34,L34))) -> 0 | O34: =IF(L34=0,0,IF(L34>J34,(L34-J34),(J34-L34))) -> 0 | P34: =IF(L34=0,0,IF(K34>L34,(K34-L34),(L34-K34))) -> 0 | Q34: =IF(L34=0,"",IF(P34=O34,"50%",IF(P34>O34,"CIEN","MMP"))) | R34: =+Zn!P32 -> 0 | S34: =+Zn!Q32 -> 0 | V34: =IF(T34=0,AVERAGE(R34,S34),IF(OR(AND(R34<S34,R34>T34),AND(R34>S34,R34<T34)),R34,IF(OR(AND(S34<R34,S34>T34),AND(S34>R34,S34<T34)),S34,T34))) -> 0 | W34: =IF(T34=0,0,IF(T34>R34,(T34-R34),(R34-T34))) -> 0 | X34: =IF(T34=0,0,IF(S34>T34,(S34-T34),(T34-S34))) -> 0 | Y34: =IF(T34=0,"",IF(X34=W34,"50%",IF(X34>W34,"CIEN","MMP"))) | Z34: =+Zn!AN32 -> 0 | AA34: =+Zn!AO32 -> 0 | AD34: =IF(AB34=0,AVERAGE(Z34,AA34),IF(OR(AND(Z34<AA34,Z34>AB34),AND(Z34>AA34,Z34<AB34)),Z34,IF(OR(AND(AA34<Z34,AA34>AB34),AND(AA34>Z34,AA34<AB34)),AA34,AB34))) -> 0 | AE34: =IF(Z34>AB34,(Z34-AB34),(AB34-Z34)) -> 0 | AF34: =IF(AA34>AB34,(AA34-AB34),(AB34-AA34)) -> 0 | AG34: =IF(AB34=0,"",IF(AF34=AE34,"50%",IF(AF34>AE34,"CIEN","MMP"))) | AH34: =+Zn!V32 -> 0 | AI34: =+Zn!W32 -> 0 | AL34: =IF(AJ34=0,AVERAGE(AH34,AI34),IF(OR(AND(AH34<AI34,AH34>AJ34),AND(AH34>AI34,AH34<AJ34)),AH34,IF(OR(AND(AI34<AH34,AI34>AJ34),AND(AI34>AH34,AI34<AJ34)),AI34,AJ34))) -> 0 | AM34: =IF(AJ34>AH34,(AJ34-AH34),(AH34-AJ34)) -> 0 | AN34: =IF(AI34>AJ34,(AI34-AJ34),(AJ34-AI34)) -> 0 | AO34: =IF(AJ34=0,"",IF(AN34=AM34,"50%",IF(AN34>AM34,"CIEN","MMP"))) | AP34: =+Zn!AH32 -> 0 | AQ34: =+Zn!AI32 -> 0 | AT34: =IF(AR34=0,AVERAGE(AP34,AQ34),IF(OR(AND(AP34<AQ34,AP34>AR34),AND(AP34>AQ34,AP34<AR34)),AP34,IF(OR(AND(AQ34<AP34,AQ34>AR34),AND(AQ34>AP34,AQ34<AR34)),AQ34,AR34))) -> 0 | AU34: =IF(AR34>AP34,(AR34-AP34),(AP34-AR34)) -> 0 | AV34: =IF(AQ34>AR34,(AQ34-AR34),(AR34-AQ34)) -> 0 | AW34: =IF(AR34=0,"",IF(AV34=AU34,"50%",IF(AV34>AU34,"CIEN","MMP"))) | AX34: =+Zn!AT32 -> 0 | AY34: =+Zn!AU32 -> 0 | BB34: =IF(AZ34=0,AVERAGE(AX34,AY34),IF(OR(AND(AX34<AY34,AX34>AZ34),AND(AX34>AY34,AX34<AZ34)),AX34,IF(OR(AND(AY34<AX34,AY34>AZ34),AND(AY34>AX34,AY34<AZ34)),AY34,AZ34))) -> 0 | BC34: =IF(AZ34>AX34,(AZ34-AX34),(AX34-AZ34)) -> 0 | BD34: =IF(AY34>AZ34,(AY34-AZ34),(AZ34-AY34)) -> 0 | BE34: =IF(AZ34=0,"",IF(BD34=BC34,"50%",IF(BD34>BC34,"CIEN","MMP"))) | BF34: =+Zn!AB32 -> 0 | BG34: =+Zn!AC32 -> 0 | BJ34: =IF(BH34=0,AVERAGE(BF34,BG34),IF(OR(AND(BF34<BG34,BF34>BH34),AND(BF34>BG34,BF34<BH34)),BF34,IF(OR(AND(BG34<BF34,BG34>BH34),AND(BG34>BF34,BG34<BH34)),BG34,BH34))) -> 0 | BK34: =IF(BH34>BF34,(BH34-BF34),(BF34-BH34)) -> 0 | BL34: =IF(BG34>BH34,(BG34-BH34),(BH34-BG34)) -> 0 | BM34: =IF(BH34=0,"",IF(BL34=BK34,"50%",IF(BL34>BK34,"CIEN","MMP")))
A35: =+Zn!B33 -> 0 | B35: =+Zn!D33 -> 0 | C35: =+Zn!E33 -> 0 | F35: =IF(D35=0,AVERAGE(B35,C35),IF(OR(AND(B35<C35,B35>D35),AND(B35>C35,B35<D35)),B35,IF(OR(AND(C35<B35,C35>D35),AND(C35>B35,C35<D35)),C35,D35))) -> 0 | G35: =IF(D35=0,0,IF(D35>B35,(D35-B35),(B35-D35))) -> 0 | H35: =IF(D35=0,0,IF(C35>D35,(C35-D35),(D35-C35))) -> 0 | I35: =IF(D35=0,"",IF(H35=G35,"50%",IF(H35>G35,"CIEN","MMP"))) | J35: =+Zn!J33 -> 0 | K35: =+Zn!K33 -> 0 | N35: =IF(L35=0,AVERAGE(J35,K35),IF(OR(AND(J35<K35,J35>L35),AND(J35>K35,J35<L35)),J35,IF(OR(AND(K35<J35,K35>L35),AND(K35>J35,K35<L35)),K35,L35))) -> 0 | O35: =IF(L35=0,0,IF(L35>J35,(L35-J35),(J35-L35))) -> 0 | P35: =IF(L35=0,0,IF(K35>L35,(K35-L35),(L35-K35))) -> 0 | Q35: =IF(L35=0,"",IF(P35=O35,"50%",IF(P35>O35,"CIEN","MMP"))) | R35: =+Zn!P33 -> 0 | S35: =+Zn!Q33 -> 0 | V35: =IF(T35=0,AVERAGE(R35,S35),IF(OR(AND(R35<S35,R35>T35),AND(R35>S35,R35<T35)),R35,IF(OR(AND(S35<R35,S35>T35),AND(S35>R35,S35<T35)),S35,T35))) -> 0 | W35: =IF(T35=0,0,IF(T35>R35,(T35-R35),(R35-T35))) -> 0 | X35: =IF(T35=0,0,IF(S35>T35,(S35-T35),(T35-S35))) -> 0 | Y35: =IF(T35=0,"",IF(X35=W35,"50%",IF(X35>W35,"CIEN","MMP"))) | Z35: =+Zn!AN33 -> 0 | AA35: =+Zn!AO33 -> 0 | AD35: =IF(AB35=0,AVERAGE(Z35,AA35),IF(OR(AND(Z35<AA35,Z35>AB35),AND(Z35>AA35,Z35<AB35)),Z35,IF(OR(AND(AA35<Z35,AA35>AB35),AND(AA35>Z35,AA35<AB35)),AA35,AB35))) -> 0 | AE35: =IF(Z35>AB35,(Z35-AB35),(AB35-Z35)) -> 0 | AF35: =IF(AA35>AB35,(AA35-AB35),(AB35-AA35)) -> 0 | AG35: =IF(AB35=0,"",IF(AF35=AE35,"50%",IF(AF35>AE35,"CIEN","MMP"))) | AH35: =+Zn!V33 -> 0 | AI35: =+Zn!W33 -> 0 | AL35: =IF(AJ35=0,AVERAGE(AH35,AI35),IF(OR(AND(AH35<AI35,AH35>AJ35),AND(AH35>AI35,AH35<AJ35)),AH35,IF(OR(AND(AI35<AH35,AI35>AJ35),AND(AI35>AH35,AI35<AJ35)),AI35,AJ35))) -> 0 | AM35: =IF(AJ35>AH35,(AJ35-AH35),(AH35-AJ35)) -> 0 | AN35: =IF(AI35>AJ35,(AI35-AJ35),(AJ35-AI35)) -> 0 | AO35: =IF(AJ35=0,"",IF(AN35=AM35,"50%",IF(AN35>AM35,"CIEN","MMP"))) | AP35: =+Zn!AH33 -> 0 | AQ35: =+Zn!AI33 -> 0 | AT35: =IF(AR35=0,AVERAGE(AP35,AQ35),IF(OR(AND(AP35<AQ35,AP35>AR35),AND(AP35>AQ35,AP35<AR35)),AP35,IF(OR(AND(AQ35<AP35,AQ35>AR35),AND(AQ35>AP35,AQ35<AR35)),AQ35,AR35))) -> 0 | AU35: =IF(AR35>AP35,(AR35-AP35),(AP35-AR35)) -> 0 | AV35: =IF(AQ35>AR35,(AQ35-AR35),(AR35-AQ35)) -> 0 | AW35: =IF(AR35=0,"",IF(AV35=AU35,"50%",IF(AV35>AU35,"CIEN","MMP"))) | AX35: =+Zn!AT33 -> 0 | AY35: =+Zn!AU33 -> 0 | BB35: =IF(AZ35=0,AVERAGE(AX35,AY35),IF(OR(AND(AX35<AY35,AX35>AZ35),AND(AX35>AY35,AX35<AZ35)),AX35,IF(OR(AND(AY35<AX35,AY35>AZ35),AND(AY35>AX35,AY35<AZ35)),AY35,AZ35))) -> 0 | BC35: =IF(AZ35>AX35,(AZ35-AX35),(AX35-AZ35)) -> 0 | BD35: =IF(AY35>AZ35,(AY35-AZ35),(AZ35-AY35)) -> 0 | BE35: =IF(AZ35=0,"",IF(BD35=BC35,"50%",IF(BD35>BC35,"CIEN","MMP"))) | BF35: =+Zn!AB33 -> 0 | BG35: =+Zn!AC33 -> 0 | BJ35: =IF(BH35=0,AVERAGE(BF35,BG35),IF(OR(AND(BF35<BG35,BF35>BH35),AND(BF35>BG35,BF35<BH35)),BF35,IF(OR(AND(BG35<BF35,BG35>BH35),AND(BG35>BF35,BG35<BH35)),BG35,BH35))) -> 0 | BK35: =IF(BH35>BF35,(BH35-BF35),(BF35-BH35)) -> 0 | BL35: =IF(BG35>BH35,(BG35-BH35),(BH35-BG35)) -> 0 | BM35: =IF(BH35=0,"",IF(BL35=BK35,"50%",IF(BL35>BK35,"CIEN","MMP")))
A36: =+Zn!B34 -> 0 | B36: =+Zn!D34 -> 0 | C36: =+Zn!E34 -> 0 | F36: =IF(D36=0,AVERAGE(B36,C36),IF(OR(AND(B36<C36,B36>D36),AND(B36>C36,B36<D36)),B36,IF(OR(AND(C36<B36,C36>D36),AND(C36>B36,C36<D36)),C36,D36))) -> 0 | G36: =IF(D36=0,0,IF(D36>B36,(D36-B36),(B36-D36))) -> 0 | H36: =IF(D36=0,0,IF(C36>D36,(C36-D36),(D36-C36))) -> 0 | I36: =IF(D36=0,"",IF(H36=G36,"50%",IF(H36>G36,"CIEN","MMP"))) | J36: =+Zn!J34 -> 0 | K36: =+Zn!K34 -> 0 | N36: =IF(L36=0,AVERAGE(J36,K36),IF(OR(AND(J36<K36,J36>L36),AND(J36>K36,J36<L36)),J36,IF(OR(AND(K36<J36,K36>L36),AND(K36>J36,K36<L36)),K36,L36))) -> 0 | O36: =IF(L36=0,0,IF(L36>J36,(L36-J36),(J36-L36))) -> 0 | P36: =IF(L36=0,0,IF(K36>L36,(K36-L36),(L36-K36))) -> 0 | Q36: =IF(L36=0,"",IF(P36=O36,"50%",IF(P36>O36,"CIEN","MMP"))) | R36: =+Zn!P34 -> 0 | S36: =+Zn!Q34 -> 0 | V36: =IF(T36=0,AVERAGE(R36,S36),IF(OR(AND(R36<S36,R36>T36),AND(R36>S36,R36<T36)),R36,IF(OR(AND(S36<R36,S36>T36),AND(S36>R36,S36<T36)),S36,T36))) -> 0 | W36: =IF(T36=0,0,IF(T36>R36,(T36-R36),(R36-T36))) -> 0 | X36: =IF(T36=0,0,IF(S36>T36,(S36-T36),(T36-S36))) -> 0 | Y36: =IF(T36=0,"",IF(X36=W36,"50%",IF(X36>W36,"CIEN","MMP"))) | Z36: =+Zn!AN34 -> 0 | AA36: =+Zn!AO34 -> 0 | AD36: =IF(AB36=0,AVERAGE(Z36,AA36),IF(OR(AND(Z36<AA36,Z36>AB36),AND(Z36>AA36,Z36<AB36)),Z36,IF(OR(AND(AA36<Z36,AA36>AB36),AND(AA36>Z36,AA36<AB36)),AA36,AB36))) -> 0 | AE36: =IF(Z36>AB36,(Z36-AB36),(AB36-Z36)) -> 0 | AF36: =IF(AA36>AB36,(AA36-AB36),(AB36-AA36)) -> 0 | AG36: =IF(AB36=0,"",IF(AF36=AE36,"50%",IF(AF36>AE36,"CIEN","MMP"))) | AH36: =+Zn!V34 -> 0 | AI36: =+Zn!W34 -> 0 | AL36: =IF(AJ36=0,AVERAGE(AH36,AI36),IF(OR(AND(AH36<AI36,AH36>AJ36),AND(AH36>AI36,AH36<AJ36)),AH36,IF(OR(AND(AI36<AH36,AI36>AJ36),AND(AI36>AH36,AI36<AJ36)),AI36,AJ36))) -> 0 | AM36: =IF(AJ36>AH36,(AJ36-AH36),(AH36-AJ36)) -> 0 | AN36: =IF(AI36>AJ36,(AI36-AJ36),(AJ36-AI36)) -> 0 | AO36: =IF(AJ36=0,"",IF(AN36=AM36,"50%",IF(AN36>AM36,"CIEN","MMP"))) | AP36: =+Zn!AH34 -> 0 | AQ36: =+Zn!AI34 -> 0 | AT36: =IF(AR36=0,AVERAGE(AP36,AQ36),IF(OR(AND(AP36<AQ36,AP36>AR36),AND(AP36>AQ36,AP36<AR36)),AP36,IF(OR(AND(AQ36<AP36,AQ36>AR36),AND(AQ36>AP36,AQ36<AR36)),AQ36,AR36))) -> 0 | AU36: =IF(AR36>AP36,(AR36-AP36),(AP36-AR36)) -> 0 | AV36: =IF(AQ36>AR36,(AQ36-AR36),(AR36-AQ36)) -> 0 | AW36: =IF(AR36=0,"",IF(AV36=AU36,"50%",IF(AV36>AU36,"CIEN","MMP"))) | AX36: =+Zn!AT34 -> 0 | AY36: =+Zn!AU34 -> 0 | BB36: =IF(AZ36=0,AVERAGE(AX36,AY36),IF(OR(AND(AX36<AY36,AX36>AZ36),AND(AX36>AY36,AX36<AZ36)),AX36,IF(OR(AND(AY36<AX36,AY36>AZ36),AND(AY36>AX36,AY36<AZ36)),AY36,AZ36))) -> 0 | BC36: =IF(AZ36>AX36,(AZ36-AX36),(AX36-AZ36)) -> 0 | BD36: =IF(AY36>AZ36,(AY36-AZ36),(AZ36-AY36)) -> 0 | BE36: =IF(AZ36=0,"",IF(BD36=BC36,"50%",IF(BD36>BC36,"CIEN","MMP"))) | BF36: =+Zn!AB34 -> 0 | BG36: =+Zn!AC34 -> 0 | BJ36: =IF(BH36=0,AVERAGE(BF36,BG36),IF(OR(AND(BF36<BG36,BF36>BH36),AND(BF36>BG36,BF36<BH36)),BF36,IF(OR(AND(BG36<BF36,BG36>BH36),AND(BG36>BF36,BG36<BH36)),BG36,BH36))) -> 0 | BK36: =IF(BH36>BF36,(BH36-BF36),(BF36-BH36)) -> 0 | BL36: =IF(BG36>BH36,(BG36-BH36),(BH36-BG36)) -> 0 | BM36: =IF(BH36=0,"",IF(BL36=BK36,"50%",IF(BL36>BK36,"CIEN","MMP")))
A37: =+Zn!B35 -> 0 | B37: =+Zn!D35 -> 0 | C37: =+Zn!E35 -> 0 | F37: =IF(D37=0,AVERAGE(B37,C37),IF(OR(AND(B37<C37,B37>D37),AND(B37>C37,B37<D37)),B37,IF(OR(AND(C37<B37,C37>D37),AND(C37>B37,C37<D37)),C37,D37))) -> 0 | G37: =IF(D37=0,0,IF(D37>B37,(D37-B37),(B37-D37))) -> 0 | H37: =IF(D37=0,0,IF(C37>D37,(C37-D37),(D37-C37))) -> 0 | I37: =IF(D37=0,"",IF(H37=G37,"50%",IF(H37>G37,"CIEN","MMP"))) | J37: =+Zn!J35 -> 0 | K37: =+Zn!K35 -> 0 | N37: =IF(L37=0,AVERAGE(J37,K37),IF(OR(AND(J37<K37,J37>L37),AND(J37>K37,J37<L37)),J37,IF(OR(AND(K37<J37,K37>L37),AND(K37>J37,K37<L37)),K37,L37))) -> 0 | O37: =IF(L37=0,0,IF(L37>J37,(L37-J37),(J37-L37))) -> 0 | P37: =IF(L37=0,0,IF(K37>L37,(K37-L37),(L37-K37))) -> 0 | Q37: =IF(L37=0,"",IF(P37=O37,"50%",IF(P37>O37,"CIEN","MMP"))) | R37: =+Zn!P35 -> 0 | S37: =+Zn!Q35 -> 0 | V37: =IF(T37=0,AVERAGE(R37,S37),IF(OR(AND(R37<S37,R37>T37),AND(R37>S37,R37<T37)),R37,IF(OR(AND(S37<R37,S37>T37),AND(S37>R37,S37<T37)),S37,T37))) -> 0 | W37: =IF(T37=0,0,IF(T37>R37,(T37-R37),(R37-T37))) -> 0 | X37: =IF(T37=0,0,IF(S37>T37,(S37-T37),(T37-S37))) -> 0 | Y37: =IF(T37=0,"",IF(X37=W37,"50%",IF(X37>W37,"CIEN","MMP"))) | Z37: =+Zn!AN35 -> 0 | AA37: =+Zn!AO35 -> 0 | AD37: =IF(AB37=0,AVERAGE(Z37,AA37),IF(OR(AND(Z37<AA37,Z37>AB37),AND(Z37>AA37,Z37<AB37)),Z37,IF(OR(AND(AA37<Z37,AA37>AB37),AND(AA37>Z37,AA37<AB37)),AA37,AB37))) -> 0 | AE37: =IF(Z37>AB37,(Z37-AB37),(AB37-Z37)) -> 0 | AF37: =IF(AA37>AB37,(AA37-AB37),(AB37-AA37)) -> 0 | AG37: =IF(AB37=0,"",IF(AF37=AE37,"50%",IF(AF37>AE37,"CIEN","MMP"))) | AH37: =+Zn!V35 -> 0 | AI37: =+Zn!W35 -> 0 | AL37: =IF(AJ37=0,AVERAGE(AH37,AI37),IF(OR(AND(AH37<AI37,AH37>AJ37),AND(AH37>AI37,AH37<AJ37)),AH37,IF(OR(AND(AI37<AH37,AI37>AJ37),AND(AI37>AH37,AI37<AJ37)),AI37,AJ37))) -> 0 | AM37: =IF(AJ37>AH37,(AJ37-AH37),(AH37-AJ37)) -> 0 | AN37: =IF(AI37>AJ37,(AI37-AJ37),(AJ37-AI37)) -> 0 | AO37: =IF(AJ37=0,"",IF(AN37=AM37,"50%",IF(AN37>AM37,"CIEN","MMP"))) | AP37: =+Zn!AH35 -> 0 | AQ37: =+Zn!AI35 -> 0 | AT37: =IF(AR37=0,AVERAGE(AP37,AQ37),IF(OR(AND(AP37<AQ37,AP37>AR37),AND(AP37>AQ37,AP37<AR37)),AP37,IF(OR(AND(AQ37<AP37,AQ37>AR37),AND(AQ37>AP37,AQ37<AR37)),AQ37,AR37))) -> 0 | AU37: =IF(AR37>AP37,(AR37-AP37),(AP37-AR37)) -> 0 | AV37: =IF(AQ37>AR37,(AQ37-AR37),(AR37-AQ37)) -> 0 | AW37: =IF(AR37=0,"",IF(AV37=AU37,"50%",IF(AV37>AU37,"CIEN","MMP"))) | AX37: =+Zn!AT35 -> 0 | AY37: =+Zn!AU35 -> 0 | BB37: =IF(AZ37=0,AVERAGE(AX37,AY37),IF(OR(AND(AX37<AY37,AX37>AZ37),AND(AX37>AY37,AX37<AZ37)),AX37,IF(OR(AND(AY37<AX37,AY37>AZ37),AND(AY37>AX37,AY37<AZ37)),AY37,AZ37))) -> 0 | BC37: =IF(AZ37>AX37,(AZ37-AX37),(AX37-AZ37)) -> 0 | BD37: =IF(AY37>AZ37,(AY37-AZ37),(AZ37-AY37)) -> 0 | BE37: =IF(AZ37=0,"",IF(BD37=BC37,"50%",IF(BD37>BC37,"CIEN","MMP"))) | BF37: =+Zn!AB35 -> 0 | BG37: =+Zn!AC35 -> 0 | BJ37: =IF(BH37=0,AVERAGE(BF37,BG37),IF(OR(AND(BF37<BG37,BF37>BH37),AND(BF37>BG37,BF37<BH37)),BF37,IF(OR(AND(BG37<BF37,BG37>BH37),AND(BG37>BF37,BG37<BH37)),BG37,BH37))) -> 0 | BK37: =IF(BH37>BF37,(BH37-BF37),(BF37-BH37)) -> 0 | BL37: =IF(BG37>BH37,(BG37-BH37),(BH37-BG37)) -> 0 | BM37: =IF(BH37=0,"",IF(BL37=BK37,"50%",IF(BL37>BK37,"CIEN","MMP")))
... A40: =+Zn!B38 -> 0 | B40: =+Zn!D38 -> 0 | C40: =+Zn!E38 -> 0 | F40: =IF(D40=0,AVERAGE(B40,C40),IF(OR(AND(B40<C40,B40>D40),AND(B40>C40,B40<D40)),B40,IF(OR(AND(C40<B40,C40>D40),AND(C40>B40,C40<D40)),C40,D40))) -> 0 | G40: =IF(D40=0,0,IF(D40>B40,(D40-B40),(B40-D40))) -> 0 | H40: =IF(D40=0,0,IF(C40>D40,(C40-D40),(D40-C40))) -> 0 | I40: =IF(D40=0,"",IF(H40=G40,"50%",IF(H40>G40,"CIEN","MMP"))) | J40: =+Zn!J38 -> 0 | K40: =+Zn!K38 -> 0 | N40: =IF(L40=0,AVERAGE(J40,K40),IF(OR(AND(J40<K40,J40>L40),AND(J40>K40,J40<L40)),J40,IF(OR(AND(K40<J40,K40>L40),AND(K40>J40,K40<L40)),K40,L40))) -> 0 | O40: =IF(L40=0,0,IF(L40>J40,(L40-J40),(J40-L40))) -> 0 | P40: =IF(L40=0,0,IF(K40>L40,(K40-L40),(L40-K40))) -> 0 | Q40: =IF(L40=0,"",IF(P40=O40,"50%",IF(P40>O40,"CIEN","MMP"))) | R40: =+Zn!P38 -> 0 | S40: =+Zn!Q38 -> 0 | V40: =IF(T40=0,AVERAGE(R40,S40),IF(OR(AND(R40<S40,R40>T40),AND(R40>S40,R40<T40)),R40,IF(OR(AND(S40<R40,S40>T40),AND(S40>R40,S40<T40)),S40,T40))) -> 0 | W40: =IF(T40=0,0,IF(T40>R40,(T40-R40),(R40-T40))) -> 0 | X40: =IF(T40=0,0,IF(S40>T40,(S40-T40),(T40-S40))) -> 0 | Y40: =IF(T40=0,"",IF(X40=W40,"50%",IF(X40>W40,"CIEN","MMP"))) | Z40: =+Zn!AN38 -> 0 | AA40: =+Zn!AO38 -> 0 | AD40: =IF(AB40=0,AVERAGE(Z40,AA40),IF(OR(AND(Z40<AA40,Z40>AB40),AND(Z40>AA40,Z40<AB40)),Z40,IF(OR(AND(AA40<Z40,AA40>AB40),AND(AA40>Z40,AA40<AB40)),AA40,AB40))) -> 0 | AE40: =IF(Z40>AB40,(Z40-AB40),(AB40-Z40)) -> 0 | AF40: =IF(AA40>AB40,(AA40-AB40),(AB40-AA40)) -> 0 | AG40: =IF(AB40=0,"",IF(AF40=AE40,"50%",IF(AF40>AE40,"CIEN","MMP"))) | AH40: =+Zn!V38 -> 0 | AI40: =+Zn!W38 -> 0 | AL40: =IF(AJ40=0,AVERAGE(AH40,AI40),IF(OR(AND(AH40<AI40,AH40>AJ40),AND(AH40>AI40,AH40<AJ40)),AH40,IF(OR(AND(AI40<AH40,AI40>AJ40),AND(AI40>AH40,AI40<AJ40)),AI40,AJ40))) -> 0 | AM40: =IF(AJ40>AH40,(AJ40-AH40),(AH40-AJ40)) -> 0 | AN40: =IF(AI40>AJ40,(AI40-AJ40),(AJ40-AI40)) -> 0 | AO40: =IF(AJ40=0,"",IF(AN40=AM40,"50%",IF(AN40>AM40,"CIEN","MMP"))) | AP40: =+Zn!AH38 -> 0 | AQ40: =+Zn!AI38 -> 0 | AT40: =IF(AR40=0,AVERAGE(AP40,AQ40),IF(OR(AND(AP40<AQ40,AP40>AR40),AND(AP40>AQ40,AP40<AR40)),AP40,IF(OR(AND(AQ40<AP40,AQ40>AR40),AND(AQ40>AP40,AQ40<AR40)),AQ40,AR40))) -> 0 | AU40: =IF(AR40>AP40,(AR40-AP40),(AP40-AR40)) -> 0 | AV40: =IF(AQ40>AR40,(AQ40-AR40),(AR40-AQ40)) -> 0 | AW40: =IF(AR40=0,"",IF(AV40=AU40,"50%",IF(AV40>AU40,"CIEN","MMP"))) | AX40: =+Zn!AT38 -> 0 | AY40: =+Zn!AU38 -> 0 | BB40: =IF(AZ40=0,AVERAGE(AX40,AY40),IF(OR(AND(AX40<AY40,AX40>AZ40),AND(AX40>AY40,AX40<AZ40)),AX40,IF(OR(AND(AY40<AX40,AY40>AZ40),AND(AY40>AX40,AY40<AZ40)),AY40,AZ40))) -> 0 | BC40: =IF(AZ40>AX40,(AZ40-AX40),(AX40-AZ40)) -> 0 | BD40: =IF(AY40>AZ40,(AY40-AZ40),(AZ40-AY40)) -> 0 | BE40: =IF(AZ40=0,"",IF(BD40=BC40,"50%",IF(BD40>BC40,"CIEN","MMP"))) | BF40: =+Zn!AB38 -> 0 | BG40: =+Zn!AC38 -> 0 | BJ40: =IF(BH40=0,AVERAGE(BF40,BG40),IF(OR(AND(BF40<BG40,BF40>BH40),AND(BF40>BG40,BF40<BH40)),BF40,IF(OR(AND(BG40<BF40,BG40>BH40),AND(BG40>BF40,BG40<BH40)),BG40,BH40))) -> 0 | BK40: =IF(BH40>BF40,(BH40-BF40),(BF40-BH40)) -> 0 | BL40: =IF(BG40>BH40,(BG40-BH40),(BH40-BG40)) -> 0 | BM40: =IF(BH40=0,"",IF(BL40=BK40,"50%",IF(BL40>BK40,"CIEN","MMP")))

Sheet Ensaye Ponderado
A1: MINERA MEXICANA LA CIÉNEGA, S.A. DE C.V.
A3: CUADRO PARA DETERMINAR DIFERENCIAS EN ENSAYES COMPARADOS
A6: =+'Terc. Plomo'!A6 -> Lotes cerrados febrero 2026.
A7: No. | B7: PESO | C7: Ensayes de ORO gm/ton | H7: Ensayes de PLATA gm/ton | M7: Ensayes de PLOMO % | R7: Ensayes de ZINC % | W7: Ensayes de CADMIO % | AB7: Ensayes de MERCURIO % | AG7: Ensayes de ARSÉNICO | AL7: Ensayes de ANTIMONIO
A8: Lote | B8: SECO | C8: MMP | D8: CIEN | E8: Tercero | F8: Pago | G8: Ponderado | H8: MMP | I8: CIEN | J8: Tercero | K8: Pago | L8: Ponderado | M8: MMP | N8: CIEN | O8: Tercero | P8: Pago | Q8: Ponderado | R8: MMP | S8: CIEN | T8: Tercero | U8: Pago | V8: Ponderado | W8: MMP | X8: CIEN | Y8: Tercero | Z8: Pago | AA8: Ponderado | AB8: MMP | AC8: CIEN | AD8: Tercero | AE8: Pago | AF8: Ponderado | AG8: MMP | AH8: CIEN | AI8: Tercero | AJ8: Pago | AK8: Ponderado | AL8: MMP | AM8: CIEN | AN8: Tercero | AO8: Pago | AP8: Ponderado
A9: =Pb!B8 -> 06 | C9: =Pb!C8 -> 112.64 | D9: =Pb!D8 -> 113.55 | E9: =+'Terc. Plomo'!D10 -> 0 | F9: =IF(E9=0,AVERAGE(C9,D9),IF(OR(AND(C9<D9,C9>E9),AND(C9>D9,C9<E9)),C9,IF(OR(AND(D9<C9,D9>E9),AND(D9>C9,D9<E9)),D9,E9))) -> 113.095 | G9: =+B9*F9 -> 0 | H9: =Pb!I8 -> 14.828 | I9: =Pb!J8 -> 15.248 | J9: =+'Terc. Plomo'!L10 -> 15.233 | K9: =IF(J9=0,AVERAGE(H9,I9),IF(OR(AND(H9<I9,H9>J9),AND(H9>I9,H9<J9)),H9,IF(OR(AND(I9<H9,I9>J9),AND(I9>H9,I9<J9)),I9,J9))) -> 15.233 | L9: =+B9*K9 -> 0 | M9: =Pb!O8 -> 20.55 | N9: =Pb!P8 -> 20.75 | O9: =+'Terc. Plomo'!T10 -> 0 | P9: =IF(O9=0,AVERAGE(M9,N9),IF(OR(AND(M9<N9,M9>O9),AND(M9>N9,M9<O9)),M9,IF(OR(AND(N9<M9,N9>O9),AND(N9>M9,N9<O9)),N9,O9))) -> 20.65 | Q9: =+B9*P9 -> 0 | R9: =Pb!U8 -> 24.2 | S9: =Pb!V8 -> 22.2 | T9: =+'Terc. Plomo'!AB10 -> 20.935 | U9: =IF(T9=0,AVERAGE(R9,S9),IF(OR(AND(R9<S9,R9>T9),AND(R9>S9,R9<T9)),R9,IF(OR(AND(S9<R9,S9>T9),AND(S9>R9,S9<T9)),S9,T9))) -> 22.2 | V9: =+B9*U9 -> 0 | W9: =Pb!AA8 -> 0.29 | X9: =Pb!AB8 -> 0.239 | Y9: =+'Terc. Plomo'!AJ10 -> 0 | Z9: =IF(Y9=0,AVERAGE(W9,X9),IF(OR(AND(W9<X9,W9>Y9),AND(W9>X9,W9<Y9)),W9,IF(OR(AND(X9<W9,X9>Y9),AND(X9>W9,X9<Y9)),X9,Y9))) -> 0.2645 | AA9: =+B9*Z9 -> 0 | AB9: =Pb!AS8 -> 0.0332 | AC9: =Pb!AT8 -> 0.0069 | AD9: =+'Terc. Plomo'!AR10 -> 0.0532 | AE9: =IF(AD9=0,AVERAGE(AB9,AC9),IF(OR(AND(AB9<AC9,AB9>AD9),AND(AB9>AC9,AB9<AD9)),AB9,IF(OR(AND(AC9<AB9,AC9>AD9),AND(AC9>AB9,AC9<AD9)),AC9,AD9))) -> 0.0332 | AF9: =+B9*AE9 -> 0 | AG9: =+Pb!AG8 -> 0.03 | AH9: =+Pb!AH8 -> 0.05 | AJ9: =IF(AI9=0,AVERAGE(AG9,AH9),IF(OR(AND(AG9<AH9,AG9>AI9),AND(AG9>AH9,AG9<AI9)),AG9,IF(OR(AND(AH9<AG9,AH9>AI9),AND(AH9>AG9,AH9<AI9)),AH9,AI9))) -> 0.04 | AK9: =+B9*AJ9 -> 0 | AL9: =+Pb!AM8 -> 0.06 | AM9: =+Pb!AN8 -> 0.07 | AO9: =IF(AN9=0,AVERAGE(AL9,AM9),IF(OR(AND(AL9<AM9,AL9>AN9),AND(AL9>AM9,AL9<AN9)),AL9,IF(OR(AND(AM9<AL9,AM9>AN9),AND(AM9>AL9,AM9<AN9)),AM9,AN9))) -> 0.065 | AP9: =+B9*AO9 -> 0
A10: =Pb!B9 -> 07 | C10: =Pb!C9 -> 109.68 | D10: =Pb!D9 -> 113.9 | E10: =+'Terc. Plomo'!D11 -> 114.085 | F10: =IF(E10=0,AVERAGE(C10,D10),IF(OR(AND(C10<D10,C10>E10),AND(C10>D10,C10<E10)),C10,IF(OR(AND(D10<C10,D10>E10),AND(D10>C10,D10<E10)),D10,E10))) -> 113.9 | G10: =+B10*F10 -> 0 | H10: =Pb!I9 -> 14.161 | I10: =Pb!J9 -> 14.532 | J10: =+'Terc. Plomo'!L11 -> 14.704 | K10: =IF(J10=0,AVERAGE(H10,I10),IF(OR(AND(H10<I10,H10>J10),AND(H10>I10,H10<J10)),H10,IF(OR(AND(I10<H10,I10>J10),AND(I10>H10,I10<J10)),I10,J10))) -> 14.532 | L10: =+B10*K10 -> 0 | M10: =Pb!O9 -> 20.7 | N10: =Pb!P9 -> 21.66 | O10: =+'Terc. Plomo'!T11 -> 21.18 | P10: =IF(O10=0,AVERAGE(M10,N10),IF(OR(AND(M10<N10,M10>O10),AND(M10>N10,M10<O10)),M10,IF(OR(AND(N10<M10,N10>O10),AND(N10>M10,N10<O10)),N10,O10))) -> 21.18 | Q10: =+B10*P10 -> 0 | R10: =Pb!U9 -> 24.38 | S10: =Pb!V9 -> 22.45 | T10: =+'Terc. Plomo'!AB11 -> 20.585 | U10: =IF(T10=0,AVERAGE(R10,S10),IF(OR(AND(R10<S10,R10>T10),AND(R10>S10,R10<T10)),R10,IF(OR(AND(S10<R10,S10>T10),AND(S10>R10,S10<T10)),S10,T10))) -> 22.45 | V10: =+B10*U10 -> 0 | W10: =Pb!AA9 -> 0.28 | X10: =Pb!AB9 -> 0.24 | Y10: =+'Terc. Plomo'!AJ11 -> 0 | Z10: =IF(Y10=0,AVERAGE(W10,X10),IF(OR(AND(W10<X10,W10>Y10),AND(W10>X10,W10<Y10)),W10,IF(OR(AND(X10<W10,X10>Y10),AND(X10>W10,X10<Y10)),X10,Y10))) -> 0.26 | AA10: =+B10*Z10 -> 0 | AB10: =Pb!AS9 -> 0.0309 | AC10: =Pb!AT9 -> 0.007 | AD10: =+'Terc. Plomo'!AR11 -> 0.0481 | AE10: =IF(AD10=0,AVERAGE(AB10,AC10),IF(OR(AND(AB10<AC10,AB10>AD10),AND(AB10>AC10,AB10<AD10)),AB10,IF(OR(AND(AC10<AB10,AC10>AD10),AND(AC10>AB10,AC10<AD10)),AC10,AD10))) -> 0.0309 | AF10: =+B10*AE10 -> 0 | AG10: =+Pb!AG9 -> 0.03 | AH10: =+Pb!AH9 -> 0.06 | AJ10: =IF(AI10=0,AVERAGE(AG10,AH10),IF(OR(AND(AG10<AH10,AG10>AI10),AND(AG10>AH10,AG10<AI10)),AG10,IF(OR(AND(AH10<AG10,AH10>AI10),AND(AH10>AG10,AH10<AI10)),AH10,AI10))) -> 0.045 | AK10: =+B10*AJ10 -> 0 | AL10: =+Pb!AM9 -> 0.07 | AM10: =+Pb!AN9 -> 0.07 | AO10: =IF(AN10=0,AVERAGE(AL10,AM10),IF(OR(AND(AL10<AM10,AL10>AN10),AND(AL10>AM10,AL10<AN10)),AL10,IF(OR(AND(AM10<AL10,AM10>AN10),AND(AM10>AL10,AM10<AN10)),AM10,AN10))) -> 0.07 | AP10: =+B10*AO10 -> 0
A11: =Pb!B10 -> 08 | C11: =Pb!C10 -> 180.88 | D11: =Pb!D10 -> 185.26 | E11: =+'Terc. Plomo'!D12 -> 180.81 | F11: =IF(E11=0,AVERAGE(C11,D11),IF(OR(AND(C11<D11,C11>E11),AND(C11>D11,C11<E11)),C11,IF(OR(AND(D11<C11,D11>E11),AND(D11>C11,D11<E11)),D11,E11))) -> 180.88 | G11: =+B11*F11 -> 0 | H11: =Pb!I10 -> 14.683 | I11: =Pb!J10 -> 15.101 | J11: =+'Terc. Plomo'!L12 -> 14.838 | K11: =IF(J11=0,AVERAGE(H11,I11),IF(OR(AND(H11<I11,H11>J11),AND(H11>I11,H11<J11)),H11,IF(OR(AND(I11<H11,I11>J11),AND(I11>H11,I11<J11)),I11,J11))) -> 14.838 | L11: =+B11*K11 -> 0 | M11: =Pb!O10 -> 23.56 | N11: =Pb!P10 -> 24.47 | O11: =+'Terc. Plomo'!T12 -> 24.31 | P11: =IF(O11=0,AVERAGE(M11,N11),IF(OR(AND(M11<N11,M11>O11),AND(M11>N11,M11<O11)),M11,IF(OR(AND(N11<M11,N11>O11),AND(N11>M11,N11<O11)),N11,O11))) -> 24.31 | Q11: =+B11*P11 -> 0 | R11: =Pb!U10 -> 22.71 | S11: =Pb!V10 -> 20.99 | T11: =+'Terc. Plomo'!AB12 -> 21.33 | U11: =IF(T11=0,AVERAGE(R11,S11),IF(OR(AND(R11<S11,R11>T11),AND(R11>S11,R11<T11)),R11,IF(OR(AND(S11<R11,S11>T11),AND(S11>R11,S11<T11)),S11,T11))) -> 21.33 | V11: =+B11*U11 -> 0 | W11: =Pb!AA10 -> 0.28 | X11: =Pb!AB10 -> 0.244 | Y11: =+'Terc. Plomo'!AJ12 -> 0 | Z11: =IF(Y11=0,AVERAGE(W11,X11),IF(OR(AND(W11<X11,W11>Y11),AND(W11>X11,W11<Y11)),W11,IF(OR(AND(X11<W11,X11>Y11),AND(X11>W11,X11<Y11)),X11,Y11))) -> 0.262 | AA11: =+B11*Z11 -> 0 | AB11: =Pb!AS10 -> 0.0303 | AC11: =Pb!AT10 -> 0.0069 | AD11: =+'Terc. Plomo'!AR12 -> 0.0211 | AE11: =IF(AD11=0,AVERAGE(AB11,AC11),IF(OR(AND(AB11<AC11,AB11>AD11),AND(AB11>AC11,AB11<AD11)),AB11,IF(OR(AND(AC11<AB11,AC11>AD11),AND(AC11>AB11,AC11<AD11)),AC11,AD11))) -> 0.0211 | AF11: =+B11*AE11 -> 0 | AG11: =+Pb!AG10 -> 0.03 | AH11: =+Pb!AH10 -> 0.049 | AJ11: =IF(AI11=0,AVERAGE(AG11,AH11),IF(OR(AND(AG11<AH11,AG11>AI11),AND(AG11>AH11,AG11<AI11)),AG11,IF(OR(AND(AH11<AG11,AH11>AI11),AND(AH11>AG11,AH11<AI11)),AH11,AI11))) -> 0.0395 | AK11: =+B11*AJ11 -> 0 | AL11: =+Pb!AM10 -> 0.06 | AM11: =+Pb!AN10 -> 0.05 | AO11: =IF(AN11=0,AVERAGE(AL11,AM11),IF(OR(AND(AL11<AM11,AL11>AN11),AND(AL11>AM11,AL11<AN11)),AL11,IF(OR(AND(AM11<AL11,AM11>AN11),AND(AM11>AL11,AM11<AN11)),AM11,AN11))) -> 0.055 | AP11: =+B11*AO11 -> 0
A12: =Pb!B11 -> 09 | C12: =Pb!C11 -> 171.83 | D12: =Pb!D11 -> 176.07 | E12: =+'Terc. Plomo'!D13 -> 175.12 | F12: =IF(E12=0,AVERAGE(C12,D12),IF(OR(AND(C12<D12,C12>E12),AND(C12>D12,C12<E12)),C12,IF(OR(AND(D12<C12,D12>E12),AND(D12>C12,D12<E12)),D12,E12))) -> 175.12 | G12: =+B12*F12 -> 0 | H12: =Pb!I11 -> 14.602 | I12: =Pb!J11 -> 14.903 | J12: =+'Terc. Plomo'!L13 -> 14.751 | K12: =IF(J12=0,AVERAGE(H12,I12),IF(OR(AND(H12<I12,H12>J12),AND(H12>I12,H12<J12)),H12,IF(OR(AND(I12<H12,I12>J12),AND(I12>H12,I12<J12)),I12,J12))) -> 14.751 | L12: =+B12*K12 -> 0 | M12: =Pb!O11 -> 23.57 | N12: =Pb!P11 -> 23.94 | O12: =+'Terc. Plomo'!T13 -> 0 | P12: =IF(O12=0,AVERAGE(M12,N12),IF(OR(AND(M12<N12,M12>O12),AND(M12>N12,M12<O12)),M12,IF(OR(AND(N12<M12,N12>O12),AND(N12>M12,N12<O12)),N12,O12))) -> 23.755 | Q12: =+B12*P12 -> 0 | R12: =Pb!U11 -> 23.12 | S12: =Pb!V11 -> 21.8 | T12: =+'Terc. Plomo'!AB13 -> 21.74 | U12: =IF(T12=0,AVERAGE(R12,S12),IF(OR(AND(R12<S12,R12>T12),AND(R12>S12,R12<T12)),R12,IF(OR(AND(S12<R12,S12>T12),AND(S12>R12,S12<T12)),S12,T12))) -> 21.8 | V12: =+B12*U12 -> 0 | W12: =Pb!AA11 -> 0.29 | X12: =Pb!AB11 -> 0.255 | Y12: =+'Terc. Plomo'!AJ13 -> 0 | Z12: =IF(Y12=0,AVERAGE(W12,X12),IF(OR(AND(W12<X12,W12>Y12),AND(W12>X12,W12<Y12)),W12,IF(OR(AND(X12<W12,X12>Y12),AND(X12>W12,X12<Y12)),X12,Y12))) -> 0.2725 | AA12: =+B12*Z12 -> 0 | AB12: =Pb!AS11 -> 0.0285 | AC12: =Pb!AT11 -> 0.007 | AD12: =+'Terc. Plomo'!AR13 -> 0.0195 | AE12: =IF(AD12=0,AVERAGE(AB12,AC12),IF(OR(AND(AB12<AC12,AB12>AD12),AND(AB12>AC12,AB12<AD12)),AB12,IF(OR(AND(AC12<AB12,AC12>AD12),AND(AC12>AB12,AC12<AD12)),AC12,AD12))) -> 0.0195 | AF12: =+B12*AE12 -> 0 | AG12: =+Pb!AG11 -> 0.03 | AH12: =+Pb!AH11 -> 0.045 | AJ12: =IF(AI12=0,AVERAGE(AG12,AH12),IF(OR(AND(AG12<AH12,AG12>AI12),AND(AG12>AH12,AG12<AI12)),AG12,IF(OR(AND(AH12<AG12,AH12>AI12),AND(AH12>AG12,AH12<AI12)),AH12,AI12))) -> 0.0375 | AK12: =+B12*AJ12 -> 0 | AL12: =+Pb!AM11 -> 0.06 | AM12: =+Pb!AN11 -> 0.06 | AO12: =IF(AN12=0,AVERAGE(AL12,AM12),IF(OR(AND(AL12<AM12,AL12>AN12),AND(AL12>AM12,AL12<AN12)),AL12,IF(OR(AND(AM12<AL12,AM12>AN12),AND(AM12>AL12,AM12<AN12)),AM12,AN12))) -> 0.06 | AP12: =+B12*AO12 -> 0
A13: =Pb!#REF! -> #REF! | C13: =Pb!#REF! -> #REF! | D13: =Pb!#REF! -> #REF! | E13: =+'Terc. Plomo'!#REF! -> #REF! | F13: =IF(E13=0,AVERAGE(C13,D13),IF(OR(AND(C13<D13,C13>E13),AND(C13>D13,C13<E13)),C13,IF(OR(AND(D13<C13,D13>E13),AND(D13>C13,D13<E13)),D13,E13))) -> #REF! | G13: =+B13*F13 -> #REF! | H13: =Pb!#REF! -> #REF! | I13: =Pb!#REF! -> #REF! | J13: =+'Terc. Plomo'!#REF! -> #REF! | K13: =IF(J13=0,AVERAGE(H13,I13),IF(OR(AND(H13<I13,H13>J13),AND(H13>I13,H13<J13)),H13,IF(OR(AND(I13<H13,I13>J13),AND(I13>H13,I13<J13)),I13,J13))) -> #REF! | L13: =+B13*K13 -> #REF! | M13: =Pb!#REF! -> #REF! | N13: =Pb!#REF! -> #REF! | O13: =+'Terc. Plomo'!#REF! -> #REF! | P13: =IF(O13=0,AVERAGE(M13,N13),IF(OR(AND(M13<N13,M13>O13),AND(M13>N13,M13<O13)),M13,IF(OR(AND(N13<M13,N13>O13),AND(N13>M13,N13<O13)),N13,O13))) -> #REF! | Q13: =+B13*P13 -> #REF! | R13: =Pb!#REF! -> #REF! | S13: =Pb!#REF! -> #REF! | T13: =+'Terc. Plomo'!#REF! -> #REF! | U13: =IF(T13=0,AVERAGE(R13,S13),IF(OR(AND(R13<S13,R13>T13),AND(R13>S13,R13<T13)),R13,IF(OR(AND(S13<R13,S13>T13),AND(S13>R13,S13<T13)),S13,T13))) -> #REF! | V13: =+B13*U13 -> #REF! | W13: =Pb!#REF! -> #REF! | X13: =Pb!#REF! -> #REF! | Y13: =+'Terc. Plomo'!#REF! -> #REF! | Z13: =IF(Y13=0,AVERAGE(W13,X13),IF(OR(AND(W13<X13,W13>Y13),AND(W13>X13,W13<Y13)),W13,IF(OR(AND(X13<W13,X13>Y13),AND(X13>W13,X13<Y13)),X13,Y13))) -> #REF! | AA13: =+B13*Z13 -> #REF! | AB13: =Pb!#REF! -> #REF! | AC13: =Pb!#REF! -> #REF! | AD13: =+'Terc. Plomo'!#REF! -> #REF! | AE13: =IF(AD13=0,AVERAGE(AB13,AC13),IF(OR(AND(AB13<AC13,AB13>AD13),AND(AB13>AC13,AB13<AD13)),AB13,IF(OR(AND(AC13<AB13,AC13>AD13),AND(AC13>AB13,AC13<AD13)),AC13,AD13))) -> #REF! | AF13: =+B13*AE13 -> #REF! | AG13: =+Pb!#REF! -> #REF! | AH13: =+Pb!#REF! -> #REF! | AJ13: =IF(AI13=0,AVERAGE(AG13,AH13),IF(OR(AND(AG13<AH13,AG13>AI13),AND(AG13>AH13,AG13<AI13)),AG13,IF(OR(AND(AH13<AG13,AH13>AI13),AND(AH13>AG13,AH13<AI13)),AH13,AI13))) -> #REF! | AK13: =+B13*AJ13 -> #REF! | AL13: =+Pb!#REF! -> #REF! | AM13: =+Pb!#REF! -> #REF! | AO13: =IF(AN13=0,AVERAGE(AL13,AM13),IF(OR(AND(AL13<AM13,AL13>AN13),AND(AL13>AM13,AL13<AN13)),AL13,IF(OR(AND(AM13<AL13,AM13>AN13),AND(AM13>AL13,AM13<AN13)),AM13,AN13))) -> #REF! | AP13: =+B13*AO13 -> #REF!
A14: =Pb!#REF! -> #REF! | C14: =Pb!#REF! -> #REF! | D14: =Pb!#REF! -> #REF! | E14: =+'Terc. Plomo'!#REF! -> #REF! | F14: =IF(E14=0,AVERAGE(C14,D14),IF(OR(AND(C14<D14,C14>E14),AND(C14>D14,C14<E14)),C14,IF(OR(AND(D14<C14,D14>E14),AND(D14>C14,D14<E14)),D14,E14))) -> #REF! | G14: =+B14*F14 -> #REF! | H14: =Pb!#REF! -> #REF! | I14: =Pb!#REF! -> #REF! | J14: =+'Terc. Plomo'!#REF! -> #REF! | K14: =IF(J14=0,AVERAGE(H14,I14),IF(OR(AND(H14<I14,H14>J14),AND(H14>I14,H14<J14)),H14,IF(OR(AND(I14<H14,I14>J14),AND(I14>H14,I14<J14)),I14,J14))) -> #REF! | L14: =+B14*K14 -> #REF! | M14: =Pb!#REF! -> #REF! | N14: =Pb!#REF! -> #REF! | O14: =+'Terc. Plomo'!#REF! -> #REF! | P14: =IF(O14=0,AVERAGE(M14,N14),IF(OR(AND(M14<N14,M14>O14),AND(M14>N14,M14<O14)),M14,IF(OR(AND(N14<M14,N14>O14),AND(N14>M14,N14<O14)),N14,O14))) -> #REF! | Q14: =+B14*P14 -> #REF! | R14: =Pb!#REF! -> #REF! | S14: =Pb!#REF! -> #REF! | T14: =+'Terc. Plomo'!#REF! -> #REF! | U14: =IF(T14=0,AVERAGE(R14,S14),IF(OR(AND(R14<S14,R14>T14),AND(R14>S14,R14<T14)),R14,IF(OR(AND(S14<R14,S14>T14),AND(S14>R14,S14<T14)),S14,T14))) -> #REF! | V14: =+B14*U14 -> #REF! | W14: =Pb!#REF! -> #REF! | X14: =Pb!#REF! -> #REF! | Y14: =+'Terc. Plomo'!#REF! -> #REF! | Z14: =IF(Y14=0,AVERAGE(W14,X14),IF(OR(AND(W14<X14,W14>Y14),AND(W14>X14,W14<Y14)),W14,IF(OR(AND(X14<W14,X14>Y14),AND(X14>W14,X14<Y14)),X14,Y14))) -> #REF! | AA14: =+B14*Z14 -> #REF! | AB14: =Pb!#REF! -> #REF! | AC14: =Pb!#REF! -> #REF! | AD14: =+'Terc. Plomo'!#REF! -> #REF! | AE14: =IF(AD14=0,AVERAGE(AB14,AC14),IF(OR(AND(AB14<AC14,AB14>AD14),AND(AB14>AC14,AB14<AD14)),AB14,IF(OR(AND(AC14<AB14,AC14>AD14),AND(AC14>AB14,AC14<AD14)),AC14,AD14))) -> #REF! | AF14: =+B14*AE14 -> #REF! | AG14: =+Pb!#REF! -> #REF! | AH14: =+Pb!#REF! -> #REF! | AJ14: =IF(AI14=0,AVERAGE(AG14,AH14),IF(OR(AND(AG14<AH14,AG14>AI14),AND(AG14>AH14,AG14<AI14)),AG14,IF(OR(AND(AH14<AG14,AH14>AI14),AND(AH14>AG14,AH14<AI14)),AH14,AI14))) -> #REF! | AK14: =+B14*AJ14 -> #REF! | AL14: =+Pb!#REF! -> #REF! | AM14: =+Pb!#REF! -> #REF! | AO14: =IF(AN14=0,AVERAGE(AL14,AM14),IF(OR(AND(AL14<AM14,AL14>AN14),AND(AL14>AM14,AL14<AN14)),AL14,IF(OR(AND(AM14<AL14,AM14>AN14),AND(AM14>AL14,AM14<AN14)),AM14,AN14))) -> #REF! | AP14: =+B14*AO14 -> #REF!
A15: =Pb!#REF! -> #REF! | C15: =Pb!#REF! -> #REF! | D15: =Pb!#REF! -> #REF! | E15: =+'Terc. Plomo'!#REF! -> #REF! | F15: =IF(E15=0,AVERAGE(C15,D15),IF(OR(AND(C15<D15,C15>E15),AND(C15>D15,C15<E15)),C15,IF(OR(AND(D15<C15,D15>E15),AND(D15>C15,D15<E15)),D15,E15))) -> #REF! | G15: =+B15*F15 -> #REF! | H15: =Pb!#REF! -> #REF! | I15: =Pb!#REF! -> #REF! | J15: =+'Terc. Plomo'!#REF! -> #REF! | K15: =IF(J15=0,AVERAGE(H15,I15),IF(OR(AND(H15<I15,H15>J15),AND(H15>I15,H15<J15)),H15,IF(OR(AND(I15<H15,I15>J15),AND(I15>H15,I15<J15)),I15,J15))) -> #REF! | L15: =+B15*K15 -> #REF! | M15: =Pb!#REF! -> #REF! | N15: =Pb!#REF! -> #REF! | O15: =+'Terc. Plomo'!#REF! -> #REF! | P15: =IF(O15=0,AVERAGE(M15,N15),IF(OR(AND(M15<N15,M15>O15),AND(M15>N15,M15<O15)),M15,IF(OR(AND(N15<M15,N15>O15),AND(N15>M15,N15<O15)),N15,O15))) -> #REF! | Q15: =+B15*P15 -> #REF! | R15: =Pb!#REF! -> #REF! | S15: =Pb!#REF! -> #REF! | T15: =+'Terc. Plomo'!#REF! -> #REF! | U15: =IF(T15=0,AVERAGE(R15,S15),IF(OR(AND(R15<S15,R15>T15),AND(R15>S15,R15<T15)),R15,IF(OR(AND(S15<R15,S15>T15),AND(S15>R15,S15<T15)),S15,T15))) -> #REF! | V15: =+B15*U15 -> #REF! | W15: =Pb!#REF! -> #REF! | X15: =Pb!#REF! -> #REF! | Y15: =+'Terc. Plomo'!#REF! -> #REF! | Z15: =IF(Y15=0,AVERAGE(W15,X15),IF(OR(AND(W15<X15,W15>Y15),AND(W15>X15,W15<Y15)),W15,IF(OR(AND(X15<W15,X15>Y15),AND(X15>W15,X15<Y15)),X15,Y15))) -> #REF! | AA15: =+B15*Z15 -> #REF! | AB15: =Pb!#REF! -> #REF! | AC15: =Pb!#REF! -> #REF! | AD15: =+'Terc. Plomo'!#REF! -> #REF! | AE15: =IF(AD15=0,AVERAGE(AB15,AC15),IF(OR(AND(AB15<AC15,AB15>AD15),AND(AB15>AC15,AB15<AD15)),AB15,IF(OR(AND(AC15<AB15,AC15>AD15),AND(AC15>AB15,AC15<AD15)),AC15,AD15))) -> #REF! | AF15: =+B15*AE15 -> #REF! | AG15: =+Pb!#REF! -> #REF! | AH15: =+Pb!#REF! -> #REF! | AJ15: =IF(AI15=0,AVERAGE(AG15,AH15),IF(OR(AND(AG15<AH15,AG15>AI15),AND(AG15>AH15,AG15<AI15)),AG15,IF(OR(AND(AH15<AG15,AH15>AI15),AND(AH15>AG15,AH15<AI15)),AH15,AI15))) -> #REF! | AK15: =+B15*AJ15 -> #REF! | AL15: =+Pb!#REF! -> #REF! | AM15: =+Pb!#REF! -> #REF! | AO15: =IF(AN15=0,AVERAGE(AL15,AM15),IF(OR(AND(AL15<AM15,AL15>AN15),AND(AL15>AM15,AL15<AN15)),AL15,IF(OR(AND(AM15<AL15,AM15>AN15),AND(AM15>AL15,AM15<AN15)),AM15,AN15))) -> #REF! | AP15: =+B15*AO15 -> #REF!
A16: =Pb!#REF! -> #REF! | C16: =Pb!#REF! -> #REF! | D16: =Pb!#REF! -> #REF! | E16: =+'Terc. Plomo'!D14 -> 0 | F16: =IF(E16=0,AVERAGE(C16,D16),IF(OR(AND(C16<D16,C16>E16),AND(C16>D16,C16<E16)),C16,IF(OR(AND(D16<C16,D16>E16),AND(D16>C16,D16<E16)),D16,E16))) -> #REF! | G16: =+B16*F16 -> #REF! | H16: =Pb!#REF! -> #REF! | I16: =Pb!#REF! -> #REF! | J16: =+'Terc. Plomo'!L14 -> 0 | K16: =IF(J16=0,AVERAGE(H16,I16),IF(OR(AND(H16<I16,H16>J16),AND(H16>I16,H16<J16)),H16,IF(OR(AND(I16<H16,I16>J16),AND(I16>H16,I16<J16)),I16,J16))) -> #REF! | L16: =+B16*K16 -> #REF! | M16: =Pb!#REF! -> #REF! | N16: =Pb!#REF! -> #REF! | O16: =+'Terc. Plomo'!T14 -> 0 | P16: =IF(O16=0,AVERAGE(M16,N16),IF(OR(AND(M16<N16,M16>O16),AND(M16>N16,M16<O16)),M16,IF(OR(AND(N16<M16,N16>O16),AND(N16>M16,N16<O16)),N16,O16))) -> #REF! | Q16: =+B16*P16 -> #REF! | R16: =Pb!#REF! -> #REF! | S16: =Pb!#REF! -> #REF! | T16: =+'Terc. Plomo'!AB14 -> 0 | U16: =IF(T16=0,AVERAGE(R16,S16),IF(OR(AND(R16<S16,R16>T16),AND(R16>S16,R16<T16)),R16,IF(OR(AND(S16<R16,S16>T16),AND(S16>R16,S16<T16)),S16,T16))) -> #REF! | V16: =+B16*U16 -> #REF! | W16: =Pb!#REF! -> #REF! | X16: =Pb!#REF! -> #REF! | Y16: =+'Terc. Plomo'!AJ14 -> 0 | Z16: =IF(Y16=0,AVERAGE(W16,X16),IF(OR(AND(W16<X16,W16>Y16),AND(W16>X16,W16<Y16)),W16,IF(OR(AND(X16<W16,X16>Y16),AND(X16>W16,X16<Y16)),X16,Y16))) -> #REF! | AA16: =+B16*Z16 -> #REF! | AB16: =Pb!#REF! -> #REF! | AC16: =Pb!#REF! -> #REF! | AD16: =+'Terc. Plomo'!AR14 -> 0 | AE16: =IF(AD16=0,AVERAGE(AB16,AC16),IF(OR(AND(AB16<AC16,AB16>AD16),AND(AB16>AC16,AB16<AD16)),AB16,IF(OR(AND(AC16<AB16,AC16>AD16),AND(AC16>AB16,AC16<AD16)),AC16,AD16))) -> #REF! | AF16: =+B16*AE16 -> #REF! | AG16: =+Pb!#REF! -> #REF! | AH16: =+Pb!#REF! -> #REF! | AJ16: =IF(AI16=0,AVERAGE(AG16,AH16),IF(OR(AND(AG16<AH16,AG16>AI16),AND(AG16>AH16,AG16<AI16)),AG16,IF(OR(AND(AH16<AG16,AH16>AI16),AND(AH16>AG16,AH16<AI16)),AH16,AI16))) -> #REF! | AK16: =+B16*AJ16 -> #REF! | AL16: =+Pb!#REF! -> #REF! | AM16: =+Pb!#REF! -> #REF! | AO16: =IF(AN16=0,AVERAGE(AL16,AM16),IF(OR(AND(AL16<AM16,AL16>AN16),AND(AL16>AM16,AL16<AN16)),AL16,IF(OR(AND(AM16<AL16,AM16>AN16),AND(AM16>AL16,AM16<AN16)),AM16,AN16))) -> #REF! | AP16: =+B16*AO16 -> #REF!
A17: =Pb!#REF! -> #REF! | C17: =Pb!#REF! -> #REF! | D17: =Pb!#REF! -> #REF! | E17: =+'Terc. Plomo'!D15 -> 0 | F17: =IF(E17=0,AVERAGE(C17,D17),IF(OR(AND(C17<D17,C17>E17),AND(C17>D17,C17<E17)),C17,IF(OR(AND(D17<C17,D17>E17),AND(D17>C17,D17<E17)),D17,E17))) -> #REF! | G17: =+B17*F17 -> #REF! | H17: =Pb!#REF! -> #REF! | I17: =Pb!#REF! -> #REF! | J17: =+'Terc. Plomo'!L15 -> 0 | K17: =IF(J17=0,AVERAGE(H17,I17),IF(OR(AND(H17<I17,H17>J17),AND(H17>I17,H17<J17)),H17,IF(OR(AND(I17<H17,I17>J17),AND(I17>H17,I17<J17)),I17,J17))) -> #REF! | L17: =+B17*K17 -> #REF! | M17: =Pb!#REF! -> #REF! | N17: =Pb!#REF! -> #REF! | O17: =+'Terc. Plomo'!T15 -> 0 | P17: =IF(O17=0,AVERAGE(M17,N17),IF(OR(AND(M17<N17,M17>O17),AND(M17>N17,M17<O17)),M17,IF(OR(AND(N17<M17,N17>O17),AND(N17>M17,N17<O17)),N17,O17))) -> #REF! | Q17: =+B17*P17 -> #REF! | R17: =Pb!#REF! -> #REF! | S17: =Pb!#REF! -> #REF! | T17: =+'Terc. Plomo'!AB15 -> 0 | U17: =IF(T17=0,AVERAGE(R17,S17),IF(OR(AND(R17<S17,R17>T17),AND(R17>S17,R17<T17)),R17,IF(OR(AND(S17<R17,S17>T17),AND(S17>R17,S17<T17)),S17,T17))) -> #REF! | V17: =+B17*U17 -> #REF! | W17: =Pb!#REF! -> #REF! | X17: =Pb!#REF! -> #REF! | Y17: =+'Terc. Plomo'!AJ15 -> 0 | Z17: =IF(Y17=0,AVERAGE(W17,X17),IF(OR(AND(W17<X17,W17>Y17),AND(W17>X17,W17<Y17)),W17,IF(OR(AND(X17<W17,X17>Y17),AND(X17>W17,X17<Y17)),X17,Y17))) -> #REF! | AA17: =+B17*Z17 -> #REF! | AB17: =Pb!#REF! -> #REF! | AC17: =Pb!#REF! -> #REF! | AD17: =+'Terc. Plomo'!AR15 -> 0 | AE17: =IF(AD17=0,AVERAGE(AB17,AC17),IF(OR(AND(AB17<AC17,AB17>AD17),AND(AB17>AC17,AB17<AD17)),AB17,IF(OR(AND(AC17<AB17,AC17>AD17),AND(AC17>AB17,AC17<AD17)),AC17,AD17))) -> #REF! | AF17: =+B17*AE17 -> #REF! | AG17: =+Pb!#REF! -> #REF! | AH17: =+Pb!#REF! -> #REF! | AJ17: =IF(AI17=0,AVERAGE(AG17,AH17),IF(OR(AND(AG17<AH17,AG17>AI17),AND(AG17>AH17,AG17<AI17)),AG17,IF(OR(AND(AH17<AG17,AH17>AI17),AND(AH17>AG17,AH17<AI17)),AH17,AI17))) -> #REF! | AK17: =+B17*AJ17 -> #REF! | AL17: =+Pb!#REF! -> #REF! | AM17: =+Pb!#REF! -> #REF! | AO17: =IF(AN17=0,AVERAGE(AL17,AM17),IF(OR(AND(AL17<AM17,AL17>AN17),AND(AL17>AM17,AL17<AN17)),AL17,IF(OR(AND(AM17<AL17,AM17>AN17),AND(AM17>AL17,AM17<AN17)),AM17,AN17))) -> #REF! | AP17: =+B17*AO17 -> #REF!
A18: =Pb!#REF! -> #REF! | C18: =Pb!#REF! -> #REF! | D18: =Pb!#REF! -> #REF! | E18: =+'Terc. Plomo'!D16 -> 0 | F18: =IF(E18=0,AVERAGE(C18,D18),IF(OR(AND(C18<D18,C18>E18),AND(C18>D18,C18<E18)),C18,IF(OR(AND(D18<C18,D18>E18),AND(D18>C18,D18<E18)),D18,E18))) -> #REF! | G18: =+B18*F18 -> #REF! | H18: =Pb!#REF! -> #REF! | I18: =Pb!#REF! -> #REF! | J18: =+'Terc. Plomo'!L16 -> 0 | K18: =IF(J18=0,AVERAGE(H18,I18),IF(OR(AND(H18<I18,H18>J18),AND(H18>I18,H18<J18)),H18,IF(OR(AND(I18<H18,I18>J18),AND(I18>H18,I18<J18)),I18,J18))) -> #REF! | L18: =+B18*K18 -> #REF! | M18: =Pb!#REF! -> #REF! | N18: =Pb!#REF! -> #REF! | O18: =+'Terc. Plomo'!T16 -> 0 | P18: =IF(O18=0,AVERAGE(M18,N18),IF(OR(AND(M18<N18,M18>O18),AND(M18>N18,M18<O18)),M18,IF(OR(AND(N18<M18,N18>O18),AND(N18>M18,N18<O18)),N18,O18))) -> #REF! | Q18: =+B18*P18 -> #REF! | R18: =Pb!#REF! -> #REF! | S18: =Pb!#REF! -> #REF! | T18: =+'Terc. Plomo'!AB16 -> 0 | U18: =IF(T18=0,AVERAGE(R18,S18),IF(OR(AND(R18<S18,R18>T18),AND(R18>S18,R18<T18)),R18,IF(OR(AND(S18<R18,S18>T18),AND(S18>R18,S18<T18)),S18,T18))) -> #REF! | V18: =+B18*U18 -> #REF! | W18: =Pb!#REF! -> #REF! | X18: =Pb!#REF! -> #REF! | Y18: =+'Terc. Plomo'!AJ16 -> 0 | Z18: =IF(Y18=0,AVERAGE(W18,X18),IF(OR(AND(W18<X18,W18>Y18),AND(W18>X18,W18<Y18)),W18,IF(OR(AND(X18<W18,X18>Y18),AND(X18>W18,X18<Y18)),X18,Y18))) -> #REF! | AA18: =+B18*Z18 -> #REF! | AB18: =Pb!#REF! -> #REF! | AC18: =Pb!#REF! -> #REF! | AD18: =+'Terc. Plomo'!AR16 -> 0 | AE18: =IF(AD18=0,AVERAGE(AB18,AC18),IF(OR(AND(AB18<AC18,AB18>AD18),AND(AB18>AC18,AB18<AD18)),AB18,IF(OR(AND(AC18<AB18,AC18>AD18),AND(AC18>AB18,AC18<AD18)),AC18,AD18))) -> #REF! | AF18: =+B18*AE18 -> #REF! | AG18: =+Pb!#REF! -> #REF! | AH18: =+Pb!#REF! -> #REF! | AJ18: =IF(AI18=0,AVERAGE(AG18,AH18),IF(OR(AND(AG18<AH18,AG18>AI18),AND(AG18>AH18,AG18<AI18)),AG18,IF(OR(AND(AH18<AG18,AH18>AI18),AND(AH18>AG18,AH18<AI18)),AH18,AI18))) -> #REF! | AK18: =+B18*AJ18 -> #REF! | AL18: =+Pb!#REF! -> #REF! | AM18: =+Pb!#REF! -> #REF! | AO18: =IF(AN18=0,AVERAGE(AL18,AM18),IF(OR(AND(AL18<AM18,AL18>AN18),AND(AL18>AM18,AL18<AN18)),AL18,IF(OR(AND(AM18<AL18,AM18>AN18),AND(AM18>AL18,AM18<AN18)),AM18,AN18))) -> #REF! | AP18: =+B18*AO18 -> #REF!
A19: =Pb!#REF! -> #REF! | C19: =Pb!#REF! -> #REF! | D19: =Pb!#REF! -> #REF! | E19: =+'Terc. Plomo'!D17 -> 0 | F19: =IF(E19=0,AVERAGE(C19,D19),IF(OR(AND(C19<D19,C19>E19),AND(C19>D19,C19<E19)),C19,IF(OR(AND(D19<C19,D19>E19),AND(D19>C19,D19<E19)),D19,E19))) -> #REF! | G19: =+B19*F19 -> #REF! | H19: =Pb!#REF! -> #REF! | I19: =Pb!#REF! -> #REF! | J19: =+'Terc. Plomo'!L17 -> 0 | K19: =IF(J19=0,AVERAGE(H19,I19),IF(OR(AND(H19<I19,H19>J19),AND(H19>I19,H19<J19)),H19,IF(OR(AND(I19<H19,I19>J19),AND(I19>H19,I19<J19)),I19,J19))) -> #REF! | L19: =+B19*K19 -> #REF! | M19: =Pb!#REF! -> #REF! | N19: =Pb!#REF! -> #REF! | O19: =+'Terc. Plomo'!T17 -> 0 | P19: =IF(O19=0,AVERAGE(M19,N19),IF(OR(AND(M19<N19,M19>O19),AND(M19>N19,M19<O19)),M19,IF(OR(AND(N19<M19,N19>O19),AND(N19>M19,N19<O19)),N19,O19))) -> #REF! | Q19: =+B19*P19 -> #REF! | R19: =Pb!#REF! -> #REF! | S19: =Pb!#REF! -> #REF! | T19: =+'Terc. Plomo'!AB17 -> 0 | U19: =IF(T19=0,AVERAGE(R19,S19),IF(OR(AND(R19<S19,R19>T19),AND(R19>S19,R19<T19)),R19,IF(OR(AND(S19<R19,S19>T19),AND(S19>R19,S19<T19)),S19,T19))) -> #REF! | V19: =+B19*U19 -> #REF! | W19: =Pb!#REF! -> #REF! | X19: =Pb!#REF! -> #REF! | Y19: =+'Terc. Plomo'!AJ17 -> 0 | Z19: =IF(Y19=0,AVERAGE(W19,X19),IF(OR(AND(W19<X19,W19>Y19),AND(W19>X19,W19<Y19)),W19,IF(OR(AND(X19<W19,X19>Y19),AND(X19>W19,X19<Y19)),X19,Y19))) -> #REF! | AA19: =+B19*Z19 -> #REF! | AB19: =Pb!#REF! -> #REF! | AC19: =Pb!#REF! -> #REF! | AD19: =+'Terc. Plomo'!AR17 -> 0 | AE19: =IF(AD19=0,AVERAGE(AB19,AC19),IF(OR(AND(AB19<AC19,AB19>AD19),AND(AB19>AC19,AB19<AD19)),AB19,IF(OR(AND(AC19<AB19,AC19>AD19),AND(AC19>AB19,AC19<AD19)),AC19,AD19))) -> #REF! | AF19: =+B19*AE19 -> #REF! | AG19: =+Pb!#REF! -> #REF! | AH19: =+Pb!#REF! -> #REF! | AJ19: =IF(AI19=0,AVERAGE(AG19,AH19),IF(OR(AND(AG19<AH19,AG19>AI19),AND(AG19>AH19,AG19<AI19)),AG19,IF(OR(AND(AH19<AG19,AH19>AI19),AND(AH19>AG19,AH19<AI19)),AH19,AI19))) -> #REF! | AK19: =+B19*AJ19 -> #REF! | AL19: =+Pb!#REF! -> #REF! | AM19: =+Pb!#REF! -> #REF! | AO19: =IF(AN19=0,AVERAGE(AL19,AM19),IF(OR(AND(AL19<AM19,AL19>AN19),AND(AL19>AM19,AL19<AN19)),AL19,IF(OR(AND(AM19<AL19,AM19>AN19),AND(AM19>AL19,AM19<AN19)),AM19,AN19))) -> #REF! | AP19: =+B19*AO19 -> #REF!
A20: =Pb!#REF! -> #REF! | C20: =Pb!#REF! -> #REF! | D20: =Pb!#REF! -> #REF! | E20: =+'Terc. Plomo'!D18 -> 0 | F20: =IF(E20=0,AVERAGE(C20,D20),IF(OR(AND(C20<D20,C20>E20),AND(C20>D20,C20<E20)),C20,IF(OR(AND(D20<C20,D20>E20),AND(D20>C20,D20<E20)),D20,E20))) -> #REF! | G20: =+B20*F20 -> #REF! | H20: =Pb!#REF! -> #REF! | I20: =Pb!#REF! -> #REF! | J20: =+'Terc. Plomo'!L18 -> 0 | K20: =IF(J20=0,AVERAGE(H20,I20),IF(OR(AND(H20<I20,H20>J20),AND(H20>I20,H20<J20)),H20,IF(OR(AND(I20<H20,I20>J20),AND(I20>H20,I20<J20)),I20,J20))) -> #REF! | L20: =+B20*K20 -> #REF! | M20: =Pb!#REF! -> #REF! | N20: =Pb!#REF! -> #REF! | O20: =+'Terc. Plomo'!T18 -> 0 | P20: =IF(O20=0,AVERAGE(M20,N20),IF(OR(AND(M20<N20,M20>O20),AND(M20>N20,M20<O20)),M20,IF(OR(AND(N20<M20,N20>O20),AND(N20>M20,N20<O20)),N20,O20))) -> #REF! | Q20: =+B20*P20 -> #REF! | R20: =Pb!#REF! -> #REF! | S20: =Pb!#REF! -> #REF! | T20: =+'Terc. Plomo'!AB18 -> 0 | U20: =IF(T20=0,AVERAGE(R20,S20),IF(OR(AND(R20<S20,R20>T20),AND(R20>S20,R20<T20)),R20,IF(OR(AND(S20<R20,S20>T20),AND(S20>R20,S20<T20)),S20,T20))) -> #REF! | V20: =+B20*U20 -> #REF! | W20: =Pb!#REF! -> #REF! | X20: =Pb!#REF! -> #REF! | Y20: =+'Terc. Plomo'!AJ18 -> 0 | Z20: =IF(Y20=0,AVERAGE(W20,X20),IF(OR(AND(W20<X20,W20>Y20),AND(W20>X20,W20<Y20)),W20,IF(OR(AND(X20<W20,X20>Y20),AND(X20>W20,X20<Y20)),X20,Y20))) -> #REF! | AA20: =+B20*Z20 -> #REF! | AB20: =Pb!#REF! -> #REF! | AC20: =Pb!#REF! -> #REF! | AD20: =+'Terc. Plomo'!AR18 -> 0 | AE20: =IF(AD20=0,AVERAGE(AB20,AC20),IF(OR(AND(AB20<AC20,AB20>AD20),AND(AB20>AC20,AB20<AD20)),AB20,IF(OR(AND(AC20<AB20,AC20>AD20),AND(AC20>AB20,AC20<AD20)),AC20,AD20))) -> #REF! | AF20: =+B20*AE20 -> #REF! | AG20: =+Pb!#REF! -> #REF! | AH20: =+Pb!#REF! -> #REF! | AJ20: =IF(AI20=0,AVERAGE(AG20,AH20),IF(OR(AND(AG20<AH20,AG20>AI20),AND(AG20>AH20,AG20<AI20)),AG20,IF(OR(AND(AH20<AG20,AH20>AI20),AND(AH20>AG20,AH20<AI20)),AH20,AI20))) -> #REF! | AK20: =+B20*AJ20 -> #REF! | AL20: =+Pb!#REF! -> #REF! | AM20: =+Pb!#REF! -> #REF! | AO20: =IF(AN20=0,AVERAGE(AL20,AM20),IF(OR(AND(AL20<AM20,AL20>AN20),AND(AL20>AM20,AL20<AN20)),AL20,IF(OR(AND(AM20<AL20,AM20>AN20),AND(AM20>AL20,AM20<AN20)),AM20,AN20))) -> #REF! | AP20: =+B20*AO20 -> #REF!
A21: =Pb!#REF! -> #REF! | C21: =Pb!#REF! -> #REF! | D21: =Pb!#REF! -> #REF! | E21: =+'Terc. Plomo'!D23 -> 0 | F21: =IF(E21=0,AVERAGE(C21,D21),IF(OR(AND(C21<D21,C21>E21),AND(C21>D21,C21<E21)),C21,IF(OR(AND(D21<C21,D21>E21),AND(D21>C21,D21<E21)),D21,E21))) -> #REF! | G21: =+B21*F21 -> #REF! | H21: =Pb!#REF! -> #REF! | I21: =Pb!#REF! -> #REF! | J21: =+'Terc. Plomo'!L23 -> 0 | K21: =IF(J21=0,AVERAGE(H21,I21),IF(OR(AND(H21<I21,H21>J21),AND(H21>I21,H21<J21)),H21,IF(OR(AND(I21<H21,I21>J21),AND(I21>H21,I21<J21)),I21,J21))) -> #REF! | L21: =+B21*K21 -> #REF! | M21: =Pb!#REF! -> #REF! | N21: =Pb!#REF! -> #REF! | O21: =+'Terc. Plomo'!T23 -> 0 | P21: =IF(O21=0,AVERAGE(M21,N21),IF(OR(AND(M21<N21,M21>O21),AND(M21>N21,M21<O21)),M21,IF(OR(AND(N21<M21,N21>O21),AND(N21>M21,N21<O21)),N21,O21))) -> #REF! | Q21: =+B21*P21 -> #REF! | R21: =Pb!#REF! -> #REF! | S21: =Pb!#REF! -> #REF! | T21: =+'Terc. Plomo'!AB23 -> 0 | U21: =IF(T21=0,AVERAGE(R21,S21),IF(OR(AND(R21<S21,R21>T21),AND(R21>S21,R21<T21)),R21,IF(OR(AND(S21<R21,S21>T21),AND(S21>R21,S21<T21)),S21,T21))) -> #REF! | V21: =+B21*U21 -> #REF! | W21: =Pb!#REF! -> #REF! | X21: =Pb!#REF! -> #REF! | Y21: =+'Terc. Plomo'!AJ23 -> 0 | Z21: =IF(Y21=0,AVERAGE(W21,X21),IF(OR(AND(W21<X21,W21>Y21),AND(W21>X21,W21<Y21)),W21,IF(OR(AND(X21<W21,X21>Y21),AND(X21>W21,X21<Y21)),X21,Y21))) -> #REF! | AA21: =+B21*Z21 -> #REF! | AB21: =Pb!#REF! -> #REF! | AC21: =Pb!#REF! -> #REF! | AD21: =+'Terc. Plomo'!AR23 -> 0 | AE21: =IF(AD21=0,AVERAGE(AB21,AC21),IF(OR(AND(AB21<AC21,AB21>AD21),AND(AB21>AC21,AB21<AD21)),AB21,IF(OR(AND(AC21<AB21,AC21>AD21),AND(AC21>AB21,AC21<AD21)),AC21,AD21))) -> #REF! | AF21: =+B21*AE21 -> #REF! | AG21: =+Pb!#REF! -> #REF! | AH21: =+Pb!#REF! -> #REF! | AJ21: =IF(AI21=0,AVERAGE(AG21,AH21),IF(OR(AND(AG21<AH21,AG21>AI21),AND(AG21>AH21,AG21<AI21)),AG21,IF(OR(AND(AH21<AG21,AH21>AI21),AND(AH21>AG21,AH21<AI21)),AH21,AI21))) -> #REF! | AK21: =+B21*AJ21 -> #REF! | AL21: =+Pb!#REF! -> #REF! | AM21: =+Pb!#REF! -> #REF! | AO21: =IF(AN21=0,AVERAGE(AL21,AM21),IF(OR(AND(AL21<AM21,AL21>AN21),AND(AL21>AM21,AL21<AN21)),AL21,IF(OR(AND(AM21<AL21,AM21>AN21),AND(AM21>AL21,AM21<AN21)),AM21,AN21))) -> #REF! | AP21: =+B21*AO21 -> #REF!
A22: =Pb!#REF! -> #REF! | C22: =Pb!#REF! -> #REF! | D22: =Pb!#REF! -> #REF! | E22: =+'Terc. Plomo'!#REF! -> #REF! | F22: =IF(E22=0,AVERAGE(C22,D22),IF(OR(AND(C22<D22,C22>E22),AND(C22>D22,C22<E22)),C22,IF(OR(AND(D22<C22,D22>E22),AND(D22>C22,D22<E22)),D22,E22))) -> #REF! | G22: =+B22*F22 -> #REF! | H22: =Pb!#REF! -> #REF! | I22: =Pb!#REF! -> #REF! | J22: =+'Terc. Plomo'!#REF! -> #REF! | K22: =IF(J22=0,AVERAGE(H22,I22),IF(OR(AND(H22<I22,H22>J22),AND(H22>I22,H22<J22)),H22,IF(OR(AND(I22<H22,I22>J22),AND(I22>H22,I22<J22)),I22,J22))) -> #REF! | L22: =+B22*K22 -> #REF! | M22: =Pb!#REF! -> #REF! | N22: =Pb!#REF! -> #REF! | O22: =+'Terc. Plomo'!#REF! -> #REF! | P22: =IF(O22=0,AVERAGE(M22,N22),IF(OR(AND(M22<N22,M22>O22),AND(M22>N22,M22<O22)),M22,IF(OR(AND(N22<M22,N22>O22),AND(N22>M22,N22<O22)),N22,O22))) -> #REF! | Q22: =+B22*P22 -> #REF! | R22: =Pb!#REF! -> #REF! | S22: =Pb!#REF! -> #REF! | T22: =+'Terc. Plomo'!#REF! -> #REF! | U22: =IF(T22=0,AVERAGE(R22,S22),IF(OR(AND(R22<S22,R22>T22),AND(R22>S22,R22<T22)),R22,IF(OR(AND(S22<R22,S22>T22),AND(S22>R22,S22<T22)),S22,T22))) -> #REF! | V22: =+B22*U22 -> #REF! | W22: =Pb!#REF! -> #REF! | X22: =Pb!#REF! -> #REF! | Y22: =+'Terc. Plomo'!#REF! -> #REF! | Z22: =IF(Y22=0,AVERAGE(W22,X22),IF(OR(AND(W22<X22,W22>Y22),AND(W22>X22,W22<Y22)),W22,IF(OR(AND(X22<W22,X22>Y22),AND(X22>W22,X22<Y22)),X22,Y22))) -> #REF! | AA22: =+B22*Z22 -> #REF! | AB22: =Pb!#REF! -> #REF! | AC22: =Pb!#REF! -> #REF! | AD22: =+'Terc. Plomo'!#REF! -> #REF! | AE22: =IF(AD22=0,AVERAGE(AB22,AC22),IF(OR(AND(AB22<AC22,AB22>AD22),AND(AB22>AC22,AB22<AD22)),AB22,IF(OR(AND(AC22<AB22,AC22>AD22),AND(AC22>AB22,AC22<AD22)),AC22,AD22))) -> #REF! | AF22: =+B22*AE22 -> #REF! | AG22: =+Pb!#REF! -> #REF! | AH22: =+Pb!#REF! -> #REF! | AJ22: =IF(AI22=0,AVERAGE(AG22,AH22),IF(OR(AND(AG22<AH22,AG22>AI22),AND(AG22>AH22,AG22<AI22)),AG22,IF(OR(AND(AH22<AG22,AH22>AI22),AND(AH22>AG22,AH22<AI22)),AH22,AI22))) -> #REF! | AK22: =+B22*AJ22 -> #REF! | AL22: =+Pb!#REF! -> #REF! | AM22: =+Pb!#REF! -> #REF! | AO22: =IF(AN22=0,AVERAGE(AL22,AM22),IF(OR(AND(AL22<AM22,AL22>AN22),AND(AL22>AM22,AL22<AN22)),AL22,IF(OR(AND(AM22<AL22,AM22>AN22),AND(AM22>AL22,AM22<AN22)),AM22,AN22))) -> #REF! | AP22: =+B22*AO22 -> #REF!
A23: =Pb!#REF! -> #REF! | B23: =SUM(B9:B22) -> 0 | C23: =Pb!#REF! -> #REF! | D23: =Pb!#REF! -> #REF! | F23: =IF(E23=0,AVERAGE(C23,D23),IF(OR(AND(C23<D23,C23>E23),AND(C23>D23,C23<E23)),C23,IF(OR(AND(D23<C23,D23>E23),AND(D23>C23,D23<E23)),D23,E23))) -> #REF! | G23: =SUM(G9:G22) -> #REF! | H23: =Pb!#REF! -> #REF! | I23: =Pb!#REF! -> #REF! | K23: =IF(J23=0,AVERAGE(H23,I23),IF(OR(AND(H23<I23,H23>J23),AND(H23>I23,H23<J23)),H23,IF(OR(AND(I23<H23,I23>J23),AND(I23>H23,I23<J23)),I23,J23))) -> #REF! | L23: =SUM(L9:L22) -> #REF! | M23: =Pb!#REF! -> #REF! | N23: =Pb!#REF! -> #REF! | P23: =IF(O23=0,AVERAGE(M23,N23),IF(OR(AND(M23<N23,M23>O23),AND(M23>N23,M23<O23)),M23,IF(OR(AND(N23<M23,N23>O23),AND(N23>M23,N23<O23)),N23,O23))) -> #REF! | Q23: =SUM(Q9:Q22) -> #REF! | R23: =Pb!#REF! -> #REF! | S23: =Pb!#REF! -> #REF! | U23: =IF(T23=0,AVERAGE(R23,S23),IF(OR(AND(R23<S23,R23>T23),AND(R23>S23,R23<T23)),R23,IF(OR(AND(S23<R23,S23>T23),AND(S23>R23,S23<T23)),S23,T23))) -> #REF! | V23: =SUM(V9:V22) -> #REF! | W23: =Pb!#REF! -> #REF! | X23: =Pb!#REF! -> #REF! | Z23: =IF(Y23=0,AVERAGE(W23,X23),IF(OR(AND(W23<X23,W23>Y23),AND(W23>X23,W23<Y23)),W23,IF(OR(AND(X23<W23,X23>Y23),AND(X23>W23,X23<Y23)),X23,Y23))) -> #REF! | AA23: =SUM(AA9:AA22) -> #REF! | AB23: =Pb!#REF! -> #REF! | AC23: =Pb!#REF! -> #REF! | AE23: =IF(AD23=0,AVERAGE(AB23,AC23),IF(OR(AND(AB23<AC23,AB23>AD23),AND(AB23>AC23,AB23<AD23)),AB23,IF(OR(AND(AC23<AB23,AC23>AD23),AND(AC23>AB23,AC23<AD23)),AC23,AD23))) -> #REF! | AF23: =SUM(AF9:AF22) -> #REF! | AG23: =Pb!#REF! -> #REF! | AH23: =Pb!#REF! -> #REF! | AJ23: =IF(AI23=0,AVERAGE(AG23,AH23),IF(OR(AND(AG23<AH23,AG23>AI23),AND(AG23>AH23,AG23<AI23)),AG23,IF(OR(AND(AH23<AG23,AH23>AI23),AND(AH23>AG23,AH23<AI23)),AH23,AI23))) -> #REF! | AK23: =SUM(AK9:AK22) -> #REF! | AL23: =Pb!#REF! -> #REF! | AM23: =Pb!#REF! -> #REF! | AO23: =IF(AN23=0,AVERAGE(AL23,AM23),IF(OR(AND(AL23<AM23,AL23>AN23),AND(AL23>AM23,AL23<AN23)),AL23,IF(OR(AND(AM23<AL23,AM23>AN23),AND(AM23>AL23,AM23<AN23)),AM23,AN23))) -> #REF! | AP23: =SUM(AP9:AP22) -> #REF!
G24: =+G23/B23 -> #REF! | L24: =+L23/B23 -> #REF! | Q24: =+Q23/B23 -> #REF! | V24: =+V23/B23 -> #REF! | AA24: =+AA23/B23 -> #REF! | AF24: =+AF23/B23 -> #REF! | AK24: =+AK23/B23 -> #REF! | AP24: =+AP23/B23 -> #REF!
G25: =IF(E25=0,0,IF(D25>E25,(D25-E25),(E25-D25))) -> 0
A29: No. | B29: PESO | C29: Ensayes de ORO gm/ton | H29: Ensayes de PLATA gm/ton | M29: Ensayes de ZINC % | R29: Ensayes de MgO | W29: Ensayes de CADMIO % | AB29: Ensayes de FIERRO % | AG29: Ensayes de INSOLUBLES % | AL29: Ensayes de ARSÉNICO
A30: Lote | B30: SECO | C30: MMP | D30: CIEN | E30: Tercero | F30: Pago | G30: Ponderado | H30: MMP | I30: CIEN | J30: Tercero | K30: Pago | L30: Ponderado | M30: MMP | N30: CIEN | O30: Tercero | P30: Pago | Q30: Ponderado | R30: MMP | S30: CIEN | T30: Tercero | U30: Pago | V30: Ponderado | W30: MMP | X30: CIEN | Y30: Tercero | Z30: Pago | AA30: Ponderado | AB30: MMP | AC30: CIEN | AD30: Tercero | AE30: Pago | AF30: Ponderado | AG30: MMP | AH30: CIEN | AI30: Tercero | AJ30: Pago | AK30: Ponderado | AL30: MMP | AM30: CIEN | AN30: Tercero | AO30: Pago | AP30: Ponderado
A31: =Pb!#REF! -> #REF! | C31: =Pb!#REF! -> #REF! | D31: =Pb!#REF! -> #REF! | E31: =+'Terc. Plomo'!#REF! -> #REF! | F31: =IF(E31=0,AVERAGE(C31,D31),IF(OR(AND(C31<D31,C31>E31),AND(C31>D31,C31<E31)),C31,IF(OR(AND(D31<C31,D31>E31),AND(D31>C31,D31<E31)),D31,E31))) -> #REF! | G31: =+B31*F31 -> #REF! | H31: =Pb!#REF! -> #REF! | I31: =Pb!#REF! -> #REF! | J31: =+'Terc. Plomo'!#REF! -> #REF! | K31: =IF(J31=0,AVERAGE(H31,I31),IF(OR(AND(H31<I31,H31>J31),AND(H31>I31,H31<J31)),H31,IF(OR(AND(I31<H31,I31>J31),AND(I31>H31,I31<J31)),I31,J31))) -> #REF! | L31: =+B31*K31 -> #REF! | M31: =Pb!#REF! -> #REF! | N31: =Pb!#REF! -> #REF! | O31: =+'Terc. Plomo'!#REF! -> #REF! | P31: =IF(O31=0,AVERAGE(M31,N31),IF(OR(AND(M31<N31,M31>O31),AND(M31>N31,M31<O31)),M31,IF(OR(AND(N31<M31,N31>O31),AND(N31>M31,N31<O31)),N31,O31))) -> #REF! | Q31: =+B31*P31 -> #REF! | R31: =+Pb!#REF! -> #REF! | S31: =+Pb!#REF! -> #REF! | T31: =+'Terc. Plomo'!#REF! -> #REF! | U31: =IF(T31=0,AVERAGE(R31,S31),IF(OR(AND(R31<S31,R31>T31),AND(R31>S31,R31<T31)),R31,IF(OR(AND(S31<R31,S31>T31),AND(S31>R31,S31<T31)),S31,T31))) -> #REF! | V31: =+B31*U31 -> #REF! | W31: =Pb!#REF! -> #REF! | X31: =Pb!#REF! -> #REF! | Y31: =+'Terc. Plomo'!#REF! -> #REF! | Z31: =IF(Y31=0,AVERAGE(W31,X31),IF(OR(AND(W31<X31,W31>Y31),AND(W31>X31,W31<Y31)),W31,IF(OR(AND(X31<W31,X31>Y31),AND(X31>W31,X31<Y31)),X31,Y31))) -> #REF! | AA31: =+B31*Z31 -> #REF! | AB31: =Pb!#REF! -> #REF! | AC31: =Pb!#REF! -> #REF! | AD31: =+'Terc. Plomo'!#REF! -> #REF! | AE31: =IF(AD31=0,AVERAGE(AB31,AC31),IF(OR(AND(AB31<AC31,AB31>AD31),AND(AB31>AC31,AB31<AD31)),AB31,IF(OR(AND(AC31<AB31,AC31>AD31),AND(AC31>AB31,AC31<AD31)),AC31,AD31))) -> #REF! | AF31: =+B31*AE31 -> #REF! | AG31: =Pb!#REF! -> #REF! | AH31: =Pb!#REF! -> #REF! | AI31: =+'Terc. Plomo'!#REF! -> #REF! | AJ31: =IF(AI31=0,AVERAGE(AG31,AH31),IF(OR(AND(AG31<AH31,AG31>AI31),AND(AG31>AH31,AG31<AI31)),AG31,IF(OR(AND(AH31<AG31,AH31>AI31),AND(AH31>AG31,AH31<AI31)),AH31,AI31))) -> #REF! | AK31: =+B31*AJ31 -> #REF! | AL31: =+Pb!#REF! -> #REF! | AM31: =+Pb!#REF! -> #REF! | AO31: =IF(AN31=0,AVERAGE(AL31,AM31),IF(OR(AND(AL31<AM31,AL31>AN31),AND(AL31>AM31,AL31<AN31)),AL31,IF(OR(AND(AM31<AL31,AM31>AN31),AND(AM31>AL31,AM31<AN31)),AM31,AN31))) -> #REF! | AP31: =+B31*AO31 -> #REF!
A32: =Pb!#REF! -> #REF! | C32: =Pb!#REF! -> #REF! | D32: =Pb!#REF! -> #REF! | E32: =+'Terc. Plomo'!#REF! -> #REF! | F32: =IF(E32=0,AVERAGE(C32,D32),IF(OR(AND(C32<D32,C32>E32),AND(C32>D32,C32<E32)),C32,IF(OR(AND(D32<C32,D32>E32),AND(D32>C32,D32<E32)),D32,E32))) -> #REF! | G32: =+B32*F32 -> #REF! | H32: =Pb!#REF! -> #REF! | I32: =Pb!#REF! -> #REF! | J32: =+'Terc. Plomo'!#REF! -> #REF! | K32: =IF(J32=0,AVERAGE(H32,I32),IF(OR(AND(H32<I32,H32>J32),AND(H32>I32,H32<J32)),H32,IF(OR(AND(I32<H32,I32>J32),AND(I32>H32,I32<J32)),I32,J32))) -> #REF! | L32: =+B32*K32 -> #REF! | M32: =Pb!#REF! -> #REF! | N32: =Pb!#REF! -> #REF! | O32: =+'Terc. Plomo'!#REF! -> #REF! | P32: =IF(O32=0,AVERAGE(M32,N32),IF(OR(AND(M32<N32,M32>O32),AND(M32>N32,M32<O32)),M32,IF(OR(AND(N32<M32,N32>O32),AND(N32>M32,N32<O32)),N32,O32))) -> #REF! | Q32: =+B32*P32 -> #REF! | R32: =+Pb!#REF! -> #REF! | S32: =+Pb!#REF! -> #REF! | T32: =+'Terc. Plomo'!#REF! -> #REF! | U32: =IF(T32=0,AVERAGE(R32,S32),IF(OR(AND(R32<S32,R32>T32),AND(R32>S32,R32<T32)),R32,IF(OR(AND(S32<R32,S32>T32),AND(S32>R32,S32<T32)),S32,T32))) -> #REF! | V32: =+B32*U32 -> #REF! | W32: =Pb!#REF! -> #REF! | X32: =Pb!#REF! -> #REF! | Y32: =+'Terc. Plomo'!#REF! -> #REF! | Z32: =IF(Y32=0,AVERAGE(W32,X32),IF(OR(AND(W32<X32,W32>Y32),AND(W32>X32,W32<Y32)),W32,IF(OR(AND(X32<W32,X32>Y32),AND(X32>W32,X32<Y32)),X32,Y32))) -> #REF! | AA32: =+B32*Z32 -> #REF! | AB32: =Pb!#REF! -> #REF! | AC32: =Pb!#REF! -> #REF! | AD32: =+'Terc. Plomo'!#REF! -> #REF! | AE32: =IF(AD32=0,AVERAGE(AB32,AC32),IF(OR(AND(AB32<AC32,AB32>AD32),AND(AB32>AC32,AB32<AD32)),AB32,IF(OR(AND(AC32<AB32,AC32>AD32),AND(AC32>AB32,AC32<AD32)),AC32,AD32))) -> #REF! | AF32: =+B32*AE32 -> #REF! | AG32: =Pb!#REF! -> #REF! | AH32: =Pb!#REF! -> #REF! | AI32: =+'Terc. Plomo'!#REF! -> #REF! | AJ32: =IF(AI32=0,AVERAGE(AG32,AH32),IF(OR(AND(AG32<AH32,AG32>AI32),AND(AG32>AH32,AG32<AI32)),AG32,IF(OR(AND(AH32<AG32,AH32>AI32),AND(AH32>AG32,AH32<AI32)),AH32,AI32))) -> #REF! | AK32: =+B32*AJ32 -> #REF! | AL32: =+Pb!#REF! -> #REF! | AM32: =+Pb!#REF! -> #REF! | AO32: =IF(AN32=0,AVERAGE(AL32,AM32),IF(OR(AND(AL32<AM32,AL32>AN32),AND(AL32>AM32,AL32<AN32)),AL32,IF(OR(AND(AM32<AL32,AM32>AN32),AND(AM32>AL32,AM32<AN32)),AM32,AN32))) -> #REF! | AP32: =+B32*AO32 -> #REF!
A33: =Pb!#REF! -> #REF! | C33: =Pb!#REF! -> #REF! | D33: =Pb!#REF! -> #REF! | E33: =+'Terc. Plomo'!#REF! -> #REF! | F33: =IF(E33=0,AVERAGE(C33,D33),IF(OR(AND(C33<D33,C33>E33),AND(C33>D33,C33<E33)),C33,IF(OR(AND(D33<C33,D33>E33),AND(D33>C33,D33<E33)),D33,E33))) -> #REF! | G33: =+B33*F33 -> #REF! | H33: =Pb!#REF! -> #REF! | I33: =Pb!#REF! -> #REF! | J33: =+'Terc. Plomo'!#REF! -> #REF! | K33: =IF(J33=0,AVERAGE(H33,I33),IF(OR(AND(H33<I33,H33>J33),AND(H33>I33,H33<J33)),H33,IF(OR(AND(I33<H33,I33>J33),AND(I33>H33,I33<J33)),I33,J33))) -> #REF! | L33: =+B33*K33 -> #REF! | M33: =Pb!#REF! -> #REF! | N33: =Pb!#REF! -> #REF! | O33: =+'Terc. Plomo'!#REF! -> #REF! | P33: =IF(O33=0,AVERAGE(M33,N33),IF(OR(AND(M33<N33,M33>O33),AND(M33>N33,M33<O33)),M33,IF(OR(AND(N33<M33,N33>O33),AND(N33>M33,N33<O33)),N33,O33))) -> #REF! | Q33: =+B33*P33 -> #REF! | R33: =+Pb!#REF! -> #REF! | S33: =+Pb!#REF! -> #REF! | T33: =+'Terc. Plomo'!#REF! -> #REF! | U33: =IF(T33=0,AVERAGE(R33,S33),IF(OR(AND(R33<S33,R33>T33),AND(R33>S33,R33<T33)),R33,IF(OR(AND(S33<R33,S33>T33),AND(S33>R33,S33<T33)),S33,T33))) -> #REF! | V33: =+B33*U33 -> #REF! | W33: =Pb!#REF! -> #REF! | X33: =Pb!#REF! -> #REF! | Y33: =+'Terc. Plomo'!#REF! -> #REF! | Z33: =IF(Y33=0,AVERAGE(W33,X33),IF(OR(AND(W33<X33,W33>Y33),AND(W33>X33,W33<Y33)),W33,IF(OR(AND(X33<W33,X33>Y33),AND(X33>W33,X33<Y33)),X33,Y33))) -> #REF! | AA33: =+B33*Z33 -> #REF! | AB33: =Pb!#REF! -> #REF! | AC33: =Pb!#REF! -> #REF! | AD33: =+'Terc. Plomo'!#REF! -> #REF! | AE33: =IF(AD33=0,AVERAGE(AB33,AC33),IF(OR(AND(AB33<AC33,AB33>AD33),AND(AB33>AC33,AB33<AD33)),AB33,IF(OR(AND(AC33<AB33,AC33>AD33),AND(AC33>AB33,AC33<AD33)),AC33,AD33))) -> #REF! | AF33: =+B33*AE33 -> #REF! | AG33: =Pb!#REF! -> #REF! | AH33: =Pb!#REF! -> #REF! | AI33: =+'Terc. Plomo'!#REF! -> #REF! | AJ33: =IF(AI33=0,AVERAGE(AG33,AH33),IF(OR(AND(AG33<AH33,AG33>AI33),AND(AG33>AH33,AG33<AI33)),AG33,IF(OR(AND(AH33<AG33,AH33>AI33),AND(AH33>AG33,AH33<AI33)),AH33,AI33))) -> #REF! | AK33: =+B33*AJ33 -> #REF! | AL33: =+Pb!#REF! -> #REF! | AM33: =+Pb!#REF! -> #REF! | AO33: =IF(AN33=0,AVERAGE(AL33,AM33),IF(OR(AND(AL33<AM33,AL33>AN33),AND(AL33>AM33,AL33<AN33)),AL33,IF(OR(AND(AM33<AL33,AM33>AN33),AND(AM33>AL33,AM33<AN33)),AM33,AN33))) -> #REF! | AP33: =+B33*AO33 -> #REF!
A34: =Pb!#REF! -> #REF! | C34: =Pb!#REF! -> #REF! | D34: =Pb!#REF! -> #REF! | E34: =+'Terc. Plomo'!#REF! -> #REF! | F34: =IF(E34=0,AVERAGE(C34,D34),IF(OR(AND(C34<D34,C34>E34),AND(C34>D34,C34<E34)),C34,IF(OR(AND(D34<C34,D34>E34),AND(D34>C34,D34<E34)),D34,E34))) -> #REF! | G34: =+B34*F34 -> #REF! | H34: =Pb!#REF! -> #REF! | I34: =Pb!#REF! -> #REF! | J34: =+'Terc. Plomo'!#REF! -> #REF! | K34: =IF(J34=0,AVERAGE(H34,I34),IF(OR(AND(H34<I34,H34>J34),AND(H34>I34,H34<J34)),H34,IF(OR(AND(I34<H34,I34>J34),AND(I34>H34,I34<J34)),I34,J34))) -> #REF! | L34: =+B34*K34 -> #REF! | M34: =Pb!#REF! -> #REF! | N34: =Pb!#REF! -> #REF! | O34: =+'Terc. Plomo'!#REF! -> #REF! | P34: =IF(O34=0,AVERAGE(M34,N34),IF(OR(AND(M34<N34,M34>O34),AND(M34>N34,M34<O34)),M34,IF(OR(AND(N34<M34,N34>O34),AND(N34>M34,N34<O34)),N34,O34))) -> #REF! | Q34: =+B34*P34 -> #REF! | R34: =+Pb!#REF! -> #REF! | S34: =+Pb!#REF! -> #REF! | T34: =+'Terc. Plomo'!#REF! -> #REF! | U34: =IF(T34=0,AVERAGE(R34,S34),IF(OR(AND(R34<S34,R34>T34),AND(R34>S34,R34<T34)),R34,IF(OR(AND(S34<R34,S34>T34),AND(S34>R34,S34<T34)),S34,T34))) -> #REF! | V34: =+B34*U34 -> #REF! | W34: =Pb!#REF! -> #REF! | X34: =Pb!#REF! -> #REF! | Y34: =+'Terc. Plomo'!#REF! -> #REF! | Z34: =IF(Y34=0,AVERAGE(W34,X34),IF(OR(AND(W34<X34,W34>Y34),AND(W34>X34,W34<Y34)),W34,IF(OR(AND(X34<W34,X34>Y34),AND(X34>W34,X34<Y34)),X34,Y34))) -> #REF! | AA34: =+B34*Z34 -> #REF! | AB34: =Pb!#REF! -> #REF! | AC34: =Pb!#REF! -> #REF! | AD34: =+'Terc. Plomo'!#REF! -> #REF! | AE34: =IF(AD34=0,AVERAGE(AB34,AC34),IF(OR(AND(AB34<AC34,AB34>AD34),AND(AB34>AC34,AB34<AD34)),AB34,IF(OR(AND(AC34<AB34,AC34>AD34),AND(AC34>AB34,AC34<AD34)),AC34,AD34))) -> #REF! | AF34: =+B34*AE34 -> #REF! | AG34: =Pb!#REF! -> #REF! | AH34: =Pb!#REF! -> #REF! | AI34: =+'Terc. Plomo'!#REF! -> #REF! | AJ34: =IF(AI34=0,AVERAGE(AG34,AH34),IF(OR(AND(AG34<AH34,AG34>AI34),AND(AG34>AH34,AG34<AI34)),AG34,IF(OR(AND(AH34<AG34,AH34>AI34),AND(AH34>AG34,AH34<AI34)),AH34,AI34))) -> #REF! | AK34: =+B34*AJ34 -> #REF! | AL34: =+Pb!#REF! -> #REF! | AM34: =+Pb!#REF! -> #REF! | AO34: =IF(AN34=0,AVERAGE(AL34,AM34),IF(OR(AND(AL34<AM34,AL34>AN34),AND(AL34>AM34,AL34<AN34)),AL34,IF(OR(AND(AM34<AL34,AM34>AN34),AND(AM34>AL34,AM34<AN34)),AM34,AN34))) -> #REF! | AP34: =+B34*AO34 -> #REF!
B35: =SUM(B31:B34) -> 0 | G35: =SUM(G31:G34) -> #REF! | L35: =SUM(L31:L34) -> #REF! | Q35: =SUM(Q31:Q34) -> #REF! | V35: =SUM(V31:V34) -> #REF! | AA35: =SUM(AA31:AA34) -> #REF! | AF35: =SUM(AF31:AF34) -> #REF! | AK35: =SUM(AK31:AK34) -> #REF! | AP35: =SUM(AP31:AP34) -> #REF!
G36: =+G35/B35 -> #REF! | L36: =+L35/B35 -> #REF! | Q36: =+Q35/B35 -> #REF! | V36: =+V35/B35 -> #REF! | AA36: =+AA35/B35 -> #REF! | AF36: =+AF35/B35 -> #REF! | AK36: =+AK35/B35 -> #REF! | AP36: =+AP35/B35 -> #REF!
A41: No. | B41: PESO | C41: Ensayes de ORO gm/ton | H41: Ensayes de PLATA gm/ton
A42: Lote | B42: SECO | C42: MMP | D42: CIEN | E42: Tercero | F42: Pago | G42: Ponderado | H42: MMP | I42: CIEN | J42: Tercero | K42: Pago | L42: Ponderado
A43: =Pb!#REF! -> #REF! | C43: =Pb!#REF! -> #REF! | D43: =Pb!#REF! -> #REF! | E43: =+'Terc. Plomo'!D33 -> 0 | F43: =IF(E43=0,AVERAGE(C43,D43),IF(OR(AND(C43<D43,C43>E43),AND(C43>D43,C43<E43)),C43,IF(OR(AND(D43<C43,D43>E43),AND(D43>C43,D43<E43)),D43,E43))) -> #REF! | G43: =+B43*F43 -> #REF! | H43: =Pb!#REF! -> #REF! | I43: =Pb!#REF! -> #REF! | J43: =+'Terc. Plomo'!L33 -> 0 | K43: =IF(J43=0,AVERAGE(H43,I43),IF(OR(AND(H43<I43,H43>J43),AND(H43>I43,H43<J43)),H43,IF(OR(AND(I43<H43,I43>J43),AND(I43>H43,I43<J43)),I43,J43))) -> #REF! | L43: =+B43*K43 -> #REF!
A44: =Pb!#REF! -> #REF! | C44: =Pb!#REF! -> #REF! | D44: =Pb!#REF! -> #REF! | E44: =+'Terc. Plomo'!D34 -> 0 | F44: =IF(E44=0,AVERAGE(C44,D44),IF(OR(AND(C44<D44,C44>E44),AND(C44>D44,C44<E44)),C44,IF(OR(AND(D44<C44,D44>E44),AND(D44>C44,D44<E44)),D44,E44))) -> #REF! | G44: =+B44*F44 -> #REF! | H44: =Pb!#REF! -> #REF! | I44: =Pb!#REF! -> #REF! | J44: =+'Terc. Plomo'!L34 -> 0 | K44: =IF(J44=0,AVERAGE(H44,I44),IF(OR(AND(H44<I44,H44>J44),AND(H44>I44,H44<J44)),H44,IF(OR(AND(I44<H44,I44>J44),AND(I44>H44,I44<J44)),I44,J44))) -> #REF! | L44: =+B44*K44 -> #REF!
A45: =Pb!#REF! -> #REF! | C45: =Pb!#REF! -> #REF! | D45: =Pb!#REF! -> #REF! | E45: =+'Terc. Plomo'!D35 -> 0 | F45: =IF(E45=0,AVERAGE(C45,D45),IF(OR(AND(C45<D45,C45>E45),AND(C45>D45,C45<E45)),C45,IF(OR(AND(D45<C45,D45>E45),AND(D45>C45,D45<E45)),D45,E45))) -> #REF! | G45: =+B45*F45 -> #REF! | H45: =Pb!#REF! -> #REF! | I45: =Pb!#REF! -> #REF! | J45: =+'Terc. Plomo'!L35 -> 0 | K45: =IF(J45=0,AVERAGE(H45,I45),IF(OR(AND(H45<I45,H45>J45),AND(H45>I45,H45<J45)),H45,IF(OR(AND(I45<H45,I45>J45),AND(I45>H45,I45<J45)),I45,J45))) -> #REF! | L45: =+B45*K45 -> #REF!
A46: =Pb!#REF! -> #REF! | C46: =Pb!#REF! -> #REF! | D46: =Pb!#REF! -> #REF! | E46: =+'Terc. Plomo'!D36 -> 0 | F46: =IF(E46=0,AVERAGE(C46,D46),IF(OR(AND(C46<D46,C46>E46),AND(C46>D46,C46<E46)),C46,IF(OR(AND(D46<C46,D46>E46),AND(D46>C46,D46<E46)),D46,E46))) -> #REF! | G46: =+B46*F46 -> #REF! | H46: =Pb!#REF! -> #REF! | I46: =Pb!#REF! -> #REF! | J46: =+'Terc. Plomo'!L36 -> 0 | K46: =IF(J46=0,AVERAGE(H46,I46),IF(OR(AND(H46<I46,H46>J46),AND(H46>I46,H46<J46)),H46,IF(OR(AND(I46<H46,I46>J46),AND(I46>H46,I46<J46)),I46,J46))) -> #REF! | L46: =+B46*K46 -> #REF!
A47: =Pb!#REF! -> #REF! | C47: =Pb!#REF! -> #REF! | D47: =Pb!#REF! -> #REF! | E47: =+'Terc. Plomo'!D37 -> 0 | F47: =IF(E47=0,AVERAGE(C47,D47),IF(OR(AND(C47<D47,C47>E47),AND(C47>D47,C47<E47)),C47,IF(OR(AND(D47<C47,D47>E47),AND(D47>C47,D47<E47)),D47,E47))) -> #REF! | G47: =+B47*F47 -> #REF! | H47: =Pb!#REF! -> #REF! | I47: =Pb!#REF! -> #REF! | J47: =+'Terc. Plomo'!L37 -> 0 | K47: =IF(J47=0,AVERAGE(H47,I47),IF(OR(AND(H47<I47,H47>J47),AND(H47>I47,H47<J47)),H47,IF(OR(AND(I47<H47,I47>J47),AND(I47>H47,I47<J47)),I47,J47))) -> #REF! | L47: =+B47*K47 -> #REF!
A48: =Pb!#REF! -> #REF! | C48: =Pb!#REF! -> #REF! | D48: =Pb!#REF! -> #REF! | E48: =+'Terc. Plomo'!D38 -> 0 | F48: =IF(E48=0,AVERAGE(C48,D48),IF(OR(AND(C48<D48,C48>E48),AND(C48>D48,C48<E48)),C48,IF(OR(AND(D48<C48,D48>E48),AND(D48>C48,D48<E48)),D48,E48))) -> #REF! | G48: =+B48*F48 -> #REF! | H48: =Pb!#REF! -> #REF! | I48: =Pb!#REF! -> #REF! | J48: =+'Terc. Plomo'!L38 -> 0 | K48: =IF(J48=0,AVERAGE(H48,I48),IF(OR(AND(H48<I48,H48>J48),AND(H48>I48,H48<J48)),H48,IF(OR(AND(I48<H48,I48>J48),AND(I48>H48,I48<J48)),I48,J48))) -> #REF! | L48: =+B48*K48 -> #REF!
A49: =Pb!#REF! -> #REF! | C49: =Pb!#REF! -> #REF! | D49: =Pb!#REF! -> #REF! | E49: =+'Terc. Plomo'!D39 -> 0 | F49: =IF(E49=0,AVERAGE(C49,D49),IF(OR(AND(C49<D49,C49>E49),AND(C49>D49,C49<E49)),C49,IF(OR(AND(D49<C49,D49>E49),AND(D49>C49,D49<E49)),D49,E49))) -> #REF! | G49: =+B49*F49 -> #REF! | H49: =Pb!#REF! -> #REF! | I49: =Pb!#REF! -> #REF! | J49: =+'Terc. Plomo'!L39 -> 0 | K49: =IF(J49=0,AVERAGE(H49,I49),IF(OR(AND(H49<I49,H49>J49),AND(H49>I49,H49<J49)),H49,IF(OR(AND(I49<H49,I49>J49),AND(I49>H49,I49<J49)),I49,J49))) -> #REF! | L49: =+B49*K49 -> #REF!
A50: =Pb!#REF! -> #REF! | C50: =Pb!#REF! -> #REF! | D50: =Pb!#REF! -> #REF! | E50: =+'Terc. Plomo'!D40 -> 0 | F50: =IF(E50=0,AVERAGE(C50,D50),IF(OR(AND(C50<D50,C50>E50),AND(C50>D50,C50<E50)),C50,IF(OR(AND(D50<C50,D50>E50),AND(D50>C50,D50<E50)),D50,E50))) -> #REF! | G50: =+B50*F50 -> #REF! | H50: =Pb!#REF! -> #REF! | I50: =Pb!#REF! -> #REF! | J50: =+'Terc. Plomo'!L40 -> 0 | K50: =IF(J50=0,AVERAGE(H50,I50),IF(OR(AND(H50<I50,H50>J50),AND(H50>I50,H50<J50)),H50,IF(OR(AND(I50<H50,I50>J50),AND(I50>H50,I50<J50)),I50,J50))) -> #REF! | L50: =+B50*K50 -> #REF!
A51: =Pb!#REF! -> #REF! | C51: =Pb!#REF! -> #REF! | D51: =Pb!#REF! -> #REF! | E51: =+'Terc. Plomo'!D41 -> 0 | F51: =IF(E51=0,AVERAGE(C51,D51),IF(OR(AND(C51<D51,C51>E51),AND(C51>D51,C51<E51)),C51,IF(OR(AND(D51<C51,D51>E51),AND(D51>C51,D51<E51)),D51,E51))) -> #REF! | G51: =+B51*F51 -> #REF! | H51: =Pb!#REF! -> #REF! | I51: =Pb!#REF! -> #REF! | J51: =+'Terc. Plomo'!L41 -> 0 | K51: =IF(J51=0,AVERAGE(H51,I51),IF(OR(AND(H51<I51,H51>J51),AND(H51>I51,H51<J51)),H51,IF(OR(AND(I51<H51,I51>J51),AND(I51>H51,I51<J51)),I51,J51))) -> #REF! | L51: =+B51*K51 -> #REF!
A52: =Pb!#REF! -> #REF! | C52: =Pb!#REF! -> #REF! | D52: =Pb!#REF! -> #REF! | E52: =+'Terc. Plomo'!D42 -> 0 | F52: =IF(E52=0,AVERAGE(C52,D52),IF(OR(AND(C52<D52,C52>E52),AND(C52>D52,C52<E52)),C52,IF(OR(AND(D52<C52,D52>E52),AND(D52>C52,D52<E52)),D52,E52))) -> #REF! | G52: =+B52*F52 -> #REF! | H52: =Pb!#REF! -> #REF! | I52: =Pb!#REF! -> #REF! | J52: =+'Terc. Plomo'!L42 -> 0 | K52: =IF(J52=0,AVERAGE(H52,I52),IF(OR(AND(H52<I52,H52>J52),AND(H52>I52,H52<J52)),H52,IF(OR(AND(I52<H52,I52>J52),AND(I52>H52,I52<J52)),I52,J52))) -> #REF! | L52: =+B52*K52 -> #REF!
A53: =Pb!#REF! -> #REF! | C53: =Pb!#REF! -> #REF! | D53: =Pb!#REF! -> #REF! | E53: =+'Terc. Plomo'!D43 -> 0 | F53: =IF(E53=0,AVERAGE(C53,D53),IF(OR(AND(C53<D53,C53>E53),AND(C53>D53,C53<E53)),C53,IF(OR(AND(D53<C53,D53>E53),AND(D53>C53,D53<E53)),D53,E53))) -> #REF! | G53: =+B53*F53 -> #REF! | H53: =Pb!#REF! -> #REF! | I53: =Pb!#REF! -> #REF! | J53: =+'Terc. Plomo'!L43 -> 0 | K53: =IF(J53=0,AVERAGE(H53,I53),IF(OR(AND(H53<I53,H53>J53),AND(H53>I53,H53<J53)),H53,IF(OR(AND(I53<H53,I53>J53),AND(I53>H53,I53<J53)),I53,J53))) -> #REF! | L53: =+B53*K53 -> #REF!
C54: =Pb!#REF! -> #REF! | D54: =Pb!#REF! -> #REF! | E54: =+'Terc. Plomo'!D44 -> 0 | F54: =IF(E54=0,AVERAGE(C54,D54),IF(OR(AND(C54<D54,C54>E54),AND(C54>D54,C54<E54)),C54,IF(OR(AND(D54<C54,D54>E54),AND(D54>C54,D54<E54)),D54,E54))) -> #REF! | G54: =+B54*F54 -> #REF! | H54: =Pb!#REF! -> #REF! | I54: =Pb!#REF! -> #REF! | J54: =+'Terc. Plomo'!L44 -> 0 | K54: =IF(J54=0,AVERAGE(H54,I54),IF(OR(AND(H54<I54,H54>J54),AND(H54>I54,H54<J54)),H54,IF(OR(AND(I54<H54,I54>J54),AND(I54>H54,I54<J54)),I54,J54))) -> #REF! | L54: =+B54*K54 -> #REF!
C55: =Pb!#REF! -> #REF! | D55: =Pb!#REF! -> #REF! | E55: =+'Terc. Plomo'!D45 -> 0 | F55: =IF(E55=0,AVERAGE(C55,D55),IF(OR(AND(C55<D55,C55>E55),AND(C55>D55,C55<E55)),C55,IF(OR(AND(D55<C55,D55>E55),AND(D55>C55,D55<E55)),D55,E55))) -> #REF! | G55: =+B55*F55 -> #REF! | H55: =Pb!#REF! -> #REF! | I55: =Pb!#REF! -> #REF! | J55: =+'Terc. Plomo'!L45 -> 0 | K55: =IF(J55=0,AVERAGE(H55,I55),IF(OR(AND(H55<I55,H55>J55),AND(H55>I55,H55<J55)),H55,IF(OR(AND(I55<H55,I55>J55),AND(I55>H55,I55<J55)),I55,J55))) -> #REF! | L55: =+B55*K55 -> #REF!
C56: =Pb!#REF! -> #REF! | D56: =Pb!#REF! -> #REF! | E56: =+'Terc. Plomo'!D46 -> 0 | F56: =IF(E56=0,AVERAGE(C56,D56),IF(OR(AND(C56<D56,C56>E56),AND(C56>D56,C56<E56)),C56,IF(OR(AND(D56<C56,D56>E56),AND(D56>C56,D56<E56)),D56,E56))) -> #REF! | G56: =+B56*F56 -> #REF! | H56: =Pb!#REF! -> #REF! | I56: =Pb!#REF! -> #REF! | J56: =+'Terc. Plomo'!L46 -> 0 | K56: =IF(J56=0,AVERAGE(H56,I56),IF(OR(AND(H56<I56,H56>J56),AND(H56>I56,H56<J56)),H56,IF(OR(AND(I56<H56,I56>J56),AND(I56>H56,I56<J56)),I56,J56))) -> #REF! | L56: =+B56*K56 -> #REF!
C57: =Pb!#REF! -> #REF! | D57: =Pb!#REF! -> #REF! | E57: =+'Terc. Plomo'!D47 -> 0 | F57: =IF(E57=0,AVERAGE(C57,D57),IF(OR(AND(C57<D57,C57>E57),AND(C57>D57,C57<E57)),C57,IF(OR(AND(D57<C57,D57>E57),AND(D57>C57,D57<E57)),D57,E57))) -> #REF! | G57: =+B57*F57 -> #REF! | H57: =Pb!#REF! -> #REF! | I57: =Pb!#REF! -> #REF! | J57: =+'Terc. Plomo'!L47 -> 0 | K57: =IF(J57=0,AVERAGE(H57,I57),IF(OR(AND(H57<I57,H57>J57),AND(H57>I57,H57<J57)),H57,IF(OR(AND(I57<H57,I57>J57),AND(I57>H57,I57<J57)),I57,J57))) -> #REF! | L57: =+B57*K57 -> #REF!
C58: =Pb!#REF! -> #REF! | D58: =Pb!#REF! -> #REF! | E58: =+'Terc. Plomo'!D48 -> 0 | F58: =IF(E58=0,AVERAGE(C58,D58),IF(OR(AND(C58<D58,C58>E58),AND(C58>D58,C58<E58)),C58,IF(OR(AND(D58<C58,D58>E58),AND(D58>C58,D58<E58)),D58,E58))) -> #REF! | G58: =+B58*F58 -> #REF! | H58: =Pb!#REF! -> #REF! | I58: =Pb!#REF! -> #REF! | J58: =+'Terc. Plomo'!L48 -> 0 | K58: =IF(J58=0,AVERAGE(H58,I58),IF(OR(AND(H58<I58,H58>J58),AND(H58>I58,H58<J58)),H58,IF(OR(AND(I58<H58,I58>J58),AND(I58>H58,I58<J58)),I58,J58))) -> #REF! | L58: =+B58*K58 -> #REF!
C59: =Pb!#REF! -> #REF! | D59: =Pb!#REF! -> #REF! | E59: =+'Terc. Plomo'!D49 -> 0 | F59: =IF(E59=0,AVERAGE(C59,D59),IF(OR(AND(C59<D59,C59>E59),AND(C59>D59,C59<E59)),C59,IF(OR(AND(D59<C59,D59>E59),AND(D59>C59,D59<E59)),D59,E59))) -> #REF! | G59: =+B59*F59 -> #REF! | H59: =Pb!#REF! -> #REF! | I59: =Pb!#REF! -> #REF! | J59: =+'Terc. Plomo'!L49 -> 0 | K59: =IF(J59=0,AVERAGE(H59,I59),IF(OR(AND(H59<I59,H59>J59),AND(H59>I59,H59<J59)),H59,IF(OR(AND(I59<H59,I59>J59),AND(I59>H59,I59<J59)),I59,J59))) -> #REF! | L59: =+B59*K59 -> #REF!
B60: =SUM(B43:B59) -> 0 | G60: =SUM(G43:G59) -> #REF! | L60: =SUM(L43:L59) -> #REF!
G61: =+G60/B60 -> #REF! | L61: =+L60/B60 -> #REF!
H65: NEGRITAS
H66: KURSIVA
